COUNTRY_CODE,TERM_1,TF_IDF_1,TERM_2,TF_IDF_2,TERM_3,TF_IDF_3,TERM_4,TF_IDF_4,TERM_5,TF_IDF_5,TERM_6,TF_IDF_6,TERM_7,TF_IDF_7,TERM_8,TF_IDF_8,TERM_9,TF_IDF_9,TERM_10,TF_IDF_10,TERM_11,TF_IDF_11,TERM_12,TF_IDF_12,TERM_13,TF_IDF_13,TERM_14,TF_IDF_14,TERM_15,TF_IDF_15,TERM_16,TF_IDF_16,TERM_17,TF_IDF_17,TERM_18,TF_IDF_18,TERM_19,TF_IDF_19,TERM_20,TF_IDF_20
BWR,belgium,3612.7,belgique,2147.32,brussels,1950.63,bruxelles,1429.7,wallonie,949.66,liËge,767.45,belgie,745.94,limburg,731.08,soleil,721.56,belgiÎ,627.85,zonsondergang,599.12,brussel,596.84,liege,569.99,coucherdesoleil,558.73,sky,512.64,ciel,494.18,europe,474.68,coucher,443.98,landscape,428.75,belgien,420.96
USB,the,55414.03,clouds,45509.57,and,44477.96,california,44269.82,usa,43607.5,sky,40695.79,this,38541.55,from,38286.2,park,35760.78,water,35671.5,lake,33401.51,was,32931.07,sun,32854.16,beach,32538.42,florida,32290.69,with,31528.08,for,31447.38,over,28521.5,unitedstates,28322.98,ocean,27579.02
ITD,sardegna,7001.52,sardinia,6088.61,tramonto,3195.38,mare,2385.27,cagliari,2090.51,italy,1967.5,alghero,1566.73,sea,1537.7,italia,1534.15,sardinien,1075.8,sole,1067.84,spiaggia,1058.25,corse,1049.25,corsica,998.82,cielo,847.98,nuvole,803.32,sardaigne,673.65,oristano,670.25,porto,655.43,beach,630.4
NOR,norway,19376.27,norge,8904.59,solnedgang,4709.76,fjord,4107.02,oslo,4057.02,norwegen,3508.65,scandinavia,2887.39,sea,2450.88,nature,2425.37,winter,2371.94,landscape,2287.23,lofoten,2281.32,bergen,2256.02,rogaland,2228.53,water,2211.74,the,2202.17,sun,2158.04,sky,2125.09,norwegian,2086.78,snow,2052.03
ENG,england,40329.13,uk,34325.74,london,25731.22,the,25645.11,sky,21200.55,and,20960.25,sun,19764.08,from,18802.02,over,18045.57,this,17903.45,clouds,17897.2,evening,17706.43,was,16315.23,with,15478.5,for,15301.72,sea,14397.56,water,13955.2,unitedkingdom,13799.45,silhouette,13795.33,light,13738.83
PRX,portugal,15480.08,lisbon,4494.22,lisboa,4156.35,algarve,3766.06,praia,2741.33,porto,2612.19,ilustrarportugal,2135.78,beach,2004.06,sea,1910.78,sol,1888.11,pÙrdosol,1833.2,pordosol,1600.36,tejo,1546.25,ocean,1456.77,europe,1416.12,sun,1385.79,the,1379.5,river,1372.74,mar,1356.61,oporto,1324.61
FIN,finland,13108.98,suomi,5845.21,helsinki,5105.59,auringonlasku,3614.25,lake,2188.97,winter,2172.92,snow,1908.46,summer,1727.61,ice,1692.53,evening,1638.55,espoo,1524.89,j‰rvi,1482.51,landscape,1407.53,tampere,1382.56,sea,1362.51,sky,1326.71,water,1303.74,nature,1284.26,sun,1278.51,forest,1252.2
DEU,sonnenuntergang,37766.52,germany,31135.01,deutschland,23811.49,sonne,17271.71,himmel,16918.78,wolken,16027.25,der,12747.86,landschaft,10029.11,berlin,9884.45,und,9852.04,die,9763.43,abend,9348.55,sun,9251.6,natur,8197.31,wasser,8191.14,sky,7220.73,auf,6897.45,nachbarn,6710.13,clouds,6632.63,mit,6471.97
ISL,iceland,11799.17,reykjavik,2875.96,Ìsland,2805.13,sÛlsetur,1838.96,icelandic,1631.64,reykjavÌk,1519.76,landscape,1333.22,glacier,1331.33,ice,1232.02,sÛlarlag,1218.02,islande,1188.65,the,1083.32,islandia,1071.77,mountain,1002.58,sky,998.47,island,992.94,snow,984.07,and,976.82,sun,928.76,nature,920.62
IDN,indonesia,12140.09,bali,9801.34,singapore,8849.38,beach,3431.5,asia,3116.7,kuta,2485.33,the,2209.76,sea,1984.31,lombok,1973.89,landscape,1931.08,and,1870.75,sky,1762.19,travel,1737.5,from,1608.94,for,1596.37,java,1593.94,island,1585.56,temple,1562.77,with,1500.98,marina,1492.65
IRL,ireland,13748.78,dublin,5535.7,irish,2365.24,kerry,2084.3,cork,1911.93,wicklow,1823.01,the,1682.79,galway,1669.67,sky,1579.76,sea,1548.59,eire,1495.19,donegal,1457.21,clouds,1425.49,water,1398.9,sun,1346.11,county,1344.75,evening,1306.98,landscape,1297.35,irlanda,1261.81,and,1200.31
ITY,sicily,8379.13,sicilia,7840.05,tramonto,4189.41,italy,3533.22,italia,2896.66,mare,2864.19,sea,1867.21,sole,1623.2,palermo,1506.34,etna,1447.26,nuvole,1320.92,trapani,1278.52,cielo,1253.82,messina,1120.3,catania,1061.83,siracusa,1022.79,landscape,1005.25,paesaggio,878.64,nikon,838.68,marsala,836.16
SWE,sweden,18679.04,sverige,8695.71,stockholm,6549.2,solnedgÂng,5142.67,copenhagen,3509.8,denmark,3255.53,water,3115.29,skÂne,2959.51,scandinavia,2924.24,sky,2610.92,the,2405.95,schweden,2324.35,evening,2287.75,lake,2182.88,summer,2130.08,sun,2097.06,clouds,2077.4,malmˆ,2051.57,winter,2033.87,gothenburg,1998.07
FXX,france,37812.54,soleil,22635.68,paris,17665.44,coucher,16944.79,coucherdesoleil,15072.65,ciel,11825.67,sur,10867.53,bretagne,10834.89,mer,10542.09,paysage,10201.83,plage,7315.79,les,7286.12,nuages,6986.23,sky,6560.31,europe,6340.09,landscape,6329.6,sun,6237.54,de,6208.95,brittany,6071.88,des,5894.61
COUNTRY_CODE,TERM_1,TF_IDF_1,TERM_2,TF_IDF_2,TERM_3,TF_IDF_3,TERM_4,TF_IDF_4,TERM_5,TF_IDF_5,TERM_6,TF_IDF_6,TERM_7,TF_IDF_7,TERM_8,TF_IDF_8,TERM_9,TF_IDF_9,TERM_10,TF_IDF_10,TERM_11,TF_IDF_11,TERM_12,TF_IDF_12,TERM_13,TF_IDF_13,TERM_14,TF_IDF_14,TERM_15,TF_IDF_15,TERM_16,TF_IDF_16,TERM_17,TF_IDF_17,TERM_18,TF_IDF_18,TERM_19,TF_IDF_19,TERM_20,TF_IDF_20
BWR,belgium,3612.7,belgique,2147.32,brussels,1950.63,bruxelles,1429.7,wallonie,949.66,li√®ge,767.45,belgie,745.94,limburg,731.08,soleil,721.56,belgi√´,627.85,zonsondergang,599.12,brussel,596.84,liege,569.99,coucherdesoleil,558.73,sky,512.64,ciel,494.18,europe,474.68,coucher,443.98,landscape,428.75,belgien,420.96
USB,the,55414.03,clouds,45509.57,and,44477.96,california,44269.82,usa,43607.5,sky,40695.79,this,38541.55,from,38286.2,park,35760.78,water,35671.5,lake,33401.51,was,32931.07,sun,32854.16,beach,32538.42,florida,32290.69,with,31528.08,for,31447.38,over,28521.5,unitedstates,28322.98,ocean,27579.02
ITD,sardegna,7001.52,sardinia,6088.61,tramonto,3195.38,mare,2385.27,cagliari,2090.51,italy,1967.5,alghero,1566.73,sea,1537.7,italia,1534.15,sardinien,1075.8,sole,1067.84,spiaggia,1058.25,corse,1049.25,corsica,998.82,cielo,847.98,nuvole,803.32,sardaigne,673.65,oristano,670.25,porto,655.43,beach,630.4
NOR,norway,19376.27,norge,8904.59,solnedgang,4709.76,fjord,4107.02,oslo,4057.02,norwegen,3508.65,scandinavia,2887.39,sea,2450.88,nature,2425.37,winter,2371.94,landscape,2287.23,lofoten,2281.32,bergen,2256.02,rogaland,2228.53,water,2211.74,the,2202.17,sun,2158.04,sky,2125.09,norwegian,2086.78,snow,2052.03
ENG,england,40329.13,uk,34325.74,london,25731.22,the,25645.11,sky,21200.55,and,20960.25,sun,19764.08,from,18802.02,over,18045.57,this,17903.45,clouds,17897.2,evening,17706.43,was,16315.23,with,15478.5,for,15301.72,sea,14397.56,water,13955.2,unitedkingdom,13799.45,silhouette,13795.33,light,13738.83
PRX,portugal,15480.08,lisbon,4494.22,lisboa,4156.35,algarve,3766.06,praia,2741.33,porto,2612.19,ilustrarportugal,2135.78,beach,2004.06,sea,1910.78,sol,1888.11,p√¥rdosol,1833.2,pordosol,1600.36,tejo,1546.25,ocean,1456.77,europe,1416.12,sun,1385.79,the,1379.5,river,1372.74,mar,1356.61,oporto,1324.61
FIN,finland,13108.98,suomi,5845.21,helsinki,5105.59,auringonlasku,3614.25,lake,2188.97,winter,2172.92,snow,1908.46,summer,1727.61,ice,1692.53,evening,1638.55,espoo,1524.89,j√§rvi,1482.51,landscape,1407.53,tampere,1382.56,sea,1362.51,sky,1326.71,water,1303.74,nature,1284.26,sun,1278.51,forest,1252.2
DEU,sonnenuntergang,37766.52,germany,31135.01,deutschland,23811.49,sonne,17271.71,himmel,16918.78,wolken,16027.25,der,12747.86,landschaft,10029.11,berlin,9884.45,und,9852.04,die,9763.43,abend,9348.55,sun,9251.6,natur,8197.31,wasser,8191.14,sky,7220.73,auf,6897.45,nachbarn,6710.13,clouds,6632.63,mit,6471.97
ISL,iceland,11799.17,reykjavik,2875.96,√≠sland,2805.13,s√≥lsetur,1838.96,icelandic,1631.64,reykjav√≠k,1519.76,landscape,1333.22,glacier,1331.33,ice,1232.02,s√≥larlag,1218.02,islande,1188.65,the,1083.32,islandia,1071.77,mountain,1002.58,sky,998.47,island,992.94,snow,984.07,and,976.82,sun,928.76,nature,920.62
IDN,indonesia,12140.09,bali,9801.34,singapore,8849.38,beach,3431.5,asia,3116.7,kuta,2485.33,the,2209.76,sea,1984.31,lombok,1973.89,landscape,1931.08,and,1870.75,sky,1762.19,travel,1737.5,from,1608.94,for,1596.37,java,1593.94,island,1585.56,temple,1562.77,with,1500.98,marina,1492.65
IRL,ireland,13748.78,dublin,5535.7,irish,2365.24,kerry,2084.3,cork,1911.93,wicklow,1823.01,the,1682.79,galway,1669.67,sky,1579.76,sea,1548.59,eire,1495.19,donegal,1457.21,clouds,1425.49,water,1398.9,sun,1346.11,county,1344.75,evening,1306.98,landscape,1297.35,irlanda,1261.81,and,1200.31
ITY,sicily,8379.13,sicilia,7840.05,tramonto,4189.41,italy,3533.22,italia,2896.66,mare,2864.19,sea,1867.21,sole,1623.2,palermo,1506.34,etna,1447.26,nuvole,1320.92,trapani,1278.52,cielo,1253.82,messina,1120.3,catania,1061.83,siracusa,1022.79,landscape,1005.25,paesaggio,878.64,nikon,838.68,marsala,836.16
SWE,sweden,18679.04,sverige,8695.71,stockholm,6549.2,solnedg√•ng,5142.67,copenhagen,3509.8,denmark,3255.53,water,3115.29,sk√•ne,2959.51,scandinavia,2924.24,sky,2610.92,the,2405.95,schweden,2324.35,evening,2287.75,lake,2182.88,summer,2130.08,sun,2097.06,clouds,2077.4,malm√∂,2051.57,winter,2033.87,gothenburg,1998.07
FXX,france,37812.54,soleil,22635.68,paris,17665.44,coucher,16944.79,coucherdesoleil,15072.65,ciel,11825.67,sur,10867.53,bretagne,10834.89,mer,10542.09,paysage,10201.83,plage,7315.79,les,7286.12,nuages,6986.23,sky,6560.31,europe,6340.09,landscape,6329.6,sun,6237.54,de,6208.95,brittany,6071.88,des,5894.61
GRC,greece,25322.51,santorini,7301.69,sea,6363.21,greek,4774.52,crete,4513.25,grecia,4336.69,athens,3983.53,island,3849.23,oia,3790.15,cyclades,3725.0,hellas,3718.15,ŒµŒªŒªŒ¨Œ¥Œ±,3454.67,aegean,3165.9,sun,3160.28,summer,2990.72,griechenland,2855.03,sky,2820.81,thessaloniki,2721.6,the,2668.96,beach,2536.59
NLD,netherlands,15022.28,zonsondergang,13091.02,holland,11406.32,nederland,10984.97,amsterdam,6409.05,thenetherlands,5123.45,zon,4895.93,dutch,4388.26,the,3587.36,rotterdam,3522.89,zuidholland,3506.86,water,3390.09,van,3351.04,wolken,3335.1,sun,3133.83,lucht,3010.25,clouds,2961.6,strand,2940.0,zee,2935.04,sky,2933.28
NZS,newzealand,6995.08,zealand,4180.65,southisland,3521.38,nz,2954.55,new,2879.37,queenstown,1788.12,christchurch,1614.79,canterbury,1549.12,otago,1509.47,south,1355.92,lake,1241.1,island,1175.28,the,1144.45,mountains,1092.02,and,969.51,clouds,961.64,landscape,959.99,wakatipu,902.47,from,838.34,water,837.74
CHI,china,9881.54,hongkong,8838.21,hong,5597.44,kong,5480.97,beijing,2917.16,shanghai,2836.17,È¶ôÊ∏Ø,2742.37,asia,2527.58,‰∏≠ÂõΩ,2062.69,hk,1981.64,city,1971.26,kowloon,1766.55,Êó•ËêΩ,1712.18,the,1558.63,landscape,1519.41,chinese,1469.47,skyline,1382.55,victoriaharbour,1347.89,travel,1325.46,cityscape,1235.68
TWN,taiwan,14495.36,Âè∞ÁÅ£,8299.98,taipei,7071.93,Â§ïÈôΩ,6742.03,Êó•ËêΩ,4459.45,Âè∞Âåó,3368.43,tainan,2318.44,È¢®ÊôØ,2121.76,Ê∑°Ê∞¥,2028.08,ÈªÉÊòè,1947.76,Êñ∞ÂåóÂ∏Ç,1768.27,Â§©Á©∫,1758.43,taipei101,1719.26,sky,1712.5,shineing,1632.97,oncethe,1628.71,listens,1626.57,taiwn,1624.08,coraznmein,1618.15,herzmon,1618.15
CZE,prague,4469.79,czech,3378.83,czechrepublic,3091.49,vienna,2991.32,praha,2459.9,wien,2441.54,republic,1983.48,austria,1655.64,sonnenuntergang,1633.96,vltava,1232.59,praga,1188.03,castle,1068.01,europe,1042.71,charles,960.01,sachsen,951.86,city,942.99,sky,913.46,charlesbridge,882.05,river,874.72,evening,874.54
ITX,italy,43726.64,tramonto,42762.29,italia,30479.77,mare,15610.48,nuvole,14523.96,sole,13483.8,cielo,13405.95,sea,10597.79,tuscany,10205.47,landscape,9891.11,sky,9538.71,paesaggio,9331.3,toscana,9098.87,sun,8920.95,rome,8753.49,clouds,8339.09,venice,8221.26,roma,7736.47,lago,7718.28,natura,7606.56
AUS,australia,40432.0,sydney,12116.19,nsw,11440.56,victoria,10239.26,melbourne,9110.98,queensland,9006.87,the,8818.65,beach,8034.75,and,7227.84,water,6765.94,clouds,6738.09,this,6462.75,newsouthwales,6397.82,from,6266.4,westernaustralia,6045.11,ocean,5963.66,southaustralia,5726.85,sky,5674.97,for,5597.53,with,5569.67
MMR,myanmar,4664.43,burma,3809.77,bagan,2136.12,mandalay,1370.31,pagoda,1272.46,asia,1170.46,temple,908.69,birmanie,893.83,birmania,885.74,yangon,879.21,birma,770.79,buddhism,729.11,amarapura,689.33,inle,638.27,southeastasia,608.73,bein,597.87,burmese,596.34,temples,585.35,pagan,585.02,buddhist,583.46
SCT,scotland,34835.68,edinburgh,9156.22,loch,8320.37,the,6951.99,from,6300.27,highlands,5884.19,scottish,5813.58,and,5758.54,over,5367.57,uk,5171.69,this,4999.39,skye,4787.91,landscape,4785.42,was,4672.27,sea,4580.42,clouds,4508.77,isle,4506.84,sky,4437.19,sun,4159.58,glasgow,4155.11
WLS,wales,13810.02,sea,3540.16,pembrokeshire,3185.19,beach,3076.18,coast,2877.32,anglesey,2753.36,cymru,2633.5,northwales,2599.18,snowdonia,2567.12,the,2525.84,uk,2403.68,and,2150.31,bay,1985.64,sun,1861.93,this,1851.37,rocks,1846.96,aberystwyth,1830.63,north,1830.51,from,1825.35,sky,1809.92
JPH,japan,15747.47,tokyo,7707.78,Êó•Êú¨,5686.31,Êù±‰∫¨,3002.56,Â§ïÁÑº„Åë,2517.16,kyoto,2187.7,fuji,2152.24,yokohama,2034.98,sky,2015.24,Â§ïÊó•,1883.25,kanagawa,1833.53,japanese,1763.57,mtfuji,1716.68,osaka,1621.94,Á©∫,1570.36,city,1546.11,the,1497.5,from,1437.7,asia,1300.73,jp,1283.85
VIR,usvi,860.74,caribbean,736.8,bvi,683.45,virginislands,640.22,stjohn,565.41,virgin,559.11,stthomas,538.66,britishvirginislands,437.89,islands,423.87,usvirginislands,391.07,thomas,383.44,tortola,348.91,bay,309.73,stcroix,270.67,john,268.17,island,264.97,ocean,212.86,beach,180.74,vacation,179.68,british,174.03
PYF,tahiti,1407.12,frenchpolynesia,999.04,moorea,890.96,polynesia,867.82,borabora,677.22,bora,673.24,lagoon,398.3,french,390.67,southpacific,377.44,polyn√©sie,325.4,polyn√©siefran√ßaise,248.32,papeete,240.39,island,235.06,pacific,218.56,motu,212.6,ocean,195.63,resort,190.65,polinesia,176.28,paradise,170.39,lagon,160.46
USH,hawaii,22607.61,maui,9510.37,oahu,7653.73,waikiki,5137.9,honolulu,4914.62,ocean,4856.32,beach,4471.88,kauai,4235.03,bigisland,3629.69,island,2961.72,hawaiian,2838.85,pacific,2772.38,kona,2621.91,the,2534.85,from,2224.29,pacificocean,2105.43,clouds,2096.57,vacation,2031.58,tropical,1941.01,and,1936.58
RUE,russia,6910.15,moscow,3757.46,—Ä–æ—Å—Å–∏—è,2395.45,–∑–∞–∫–∞—Ç,2326.11,saintpetersburg,1298.59,river,1193.96,sky,1165.2,–º–æ—Å–∫–≤–∞,1157.26,city,1156.8,evening,1102.02,petersburg,1071.33,summer,1022.64,–≤–µ—á–µ—Ä,1009.91,stpetersburg,976.17,russian,963.04,ru,937.19,sun,881.0,nature,872.55,landscape,835.29,–Ω–µ–±–æ,834.57
PHL,philippines,9023.45,manila,2520.59,boracay,2403.85,beach,1468.88,cebu,1205.49,island,1182.41,asia,1160.74,palawan,1138.72,manilabay,1104.68,the,1087.58,sea,1071.13,bay,926.12,boat,924.61,and,901.25,travel,842.75,pilipinas,780.34,sun,772.25,this,739.96,luzon,738.6,for,715.84
ESX,spain,30136.3,atardecer,26949.55,espa√±a,21294.15,sol,14163.17,mar,12578.01,nubes,12298.18,cielo,11312.41,paisaje,11255.75,playa,10579.85,puestadesol,10180.82,del,9728.12,agua,7776.71,madrid,7740.7,barcelona,7630.48,que,7616.84,galicia,7600.96,puesta,7504.53,sea,7050.37,landscape,6934.28,los,6634.91
CAN,canada,24072.95,ontario,12572.67,vancouver,9476.27,toronto,7434.55,britishcolumbia,7246.84,bc,6547.42,water,4404.8,alberta,4385.14,lake,4225.84,sky,3942.2,clouds,3870.14,quebec,3122.27,park,3114.62,the,3071.29,evening,2971.28,winter,2918.58,trees,2904.92,dusk,2880.35,summer,2859.1,ottawa,2777.05
INX,india,16775.51,kerala,3428.07,goa,3288.74,rajasthan,2874.14,the,2648.11,mumbai,2492.72,evening,2373.59,sun,2236.67,and,2089.36,travel,2032.2,from,1967.42,beach,1904.43,indian,1840.75,nature,1784.8,this,1771.43,silhouette,1717.51,for,1666.34,asia,1648.76,sky,1579.76,canon,1561.47
ALB,montenegro,886.45,albania,841.55,ohrid,685.11,macedonia,531.77,salento,462.53,otranto,391.17,puglia,324.13,crnagora,317.94,sea,314.98,balkans,294.72,ohridlake,257.56,adriatic,252.36,lake,248.22,tramonto,229.71,balkan,221.01,budva,212.93,mare,206.85,durres,198.69,landscape,190.46,–º–∞–∫–µ–¥–æ–Ω–∏—ò–∞,180.41
CHE,switzerland,4966.01,schweiz,3462.88,sonnenuntergang,1826.19,bern,1648.77,alps,1569.6,suisse,1516.28,swiss,1433.68,zug,1133.7,mountains,1063.52,svizzera,975.59,mountain,950.85,zugersee,913.08,alpen,866.07,berge,853.84,wolken,809.32,luzern,797.79,lake,788.47,lucerne,767.12,sonne,755.48,snow,746.93
BRA,brasil,18797.21,brazil,18144.67,pordosol,11569.8,sol,10969.75,p√¥rdosol,9590.61,c√©u,7205.91,rio,7163.17,praia,6653.47,riodejaneiro,6229.93,por,5950.8,nuvens,5465.68,natureza,5004.12,entardecer,4724.37,janeiro,4498.46,paisagem,4288.77,do,4048.01,sun,3889.18,p√¥r,3795.45,cidade,3735.15,sky,3733.62
CHL,chile,9472.54,atardecer,3701.89,santiago,2541.57,del,1665.09,mar,1508.35,sol,1481.58,atacama,1456.77,playa,1278.23,nubes,1276.69,patagonia,1262.33,southamerica,1212.16,cielo,1184.53,los,1059.16,andes,995.57,que,919.74,valparaiso,881.19,paisaje,846.92,regin,829.59,vi√±adelmar,813.92,ciudad,781.29
KHM,cambodia,4534.56,angkor,1945.47,siemreap,1508.61,phnom,1247.65,asia,1187.96,wat,1183.7,angkorwat,1161.39,reap,1062.33,siem,1040.23,temple,894.68,khmer,852.71,phnompenh,797.8,mekong,751.78,penh,749.06,southeastasia,747.71,cambodge,691.44,bakheng,590.08,sihanoukville,541.75,travel,504.05,cambodian,475.69
TUR,turkey,12500.66,istanbul,7289.3,t√ºrkiye,4618.53,sea,2577.06,g√ºnbatƒ±mƒ±,2490.73,mosque,2374.38,turchia,2358.86,t√ºrkei,2104.11,greece,2093.78,bosphorus,2012.36,antalya,1703.72,sun,1533.48,turkish,1415.19,turkiye,1361.72,turquie,1323.35,aegean,1307.84,deniz,1302.41,the,1268.61,galata,1213.42,mediterranean,1204.22
CYP,cyprus,2885.26,paphos,1374.76,pafos,478.57,limassol,476.49,sea,400.31,mediterranean,307.9,beach,217.78,sun,195.45,sky,187.66,the,184.34,rocks,178.24,kyrenia,177.38,clouds,168.14,water,165.41,seascape,160.8,holiday,160.09,aphrodite,157.03,paphossunset,149.62,zypern,148.59,aphrodites,148.44
JEY,guernsey,1362.66,jersey,1219.86,channelislands,1077.64,corbiere,442.32,channel,417.71,alderney,393.11,sea,368.54,beach,312.11,coast,299.99,normandie,290.4,lighthouse,281.75,ouens,264.85,cotentin,264.28,bay,263.73,manche,257.11,rocks,244.32,islands,241.91,seascape,238.11,cobo,235.71,the,229.84
HRV,croatia,9310.19,hrvatska,3113.98,adriatic,2583.1,sea,2080.52,dalmatia,1845.95,kroatien,1668.09,croazia,1572.81,zadar,1451.0,istria,1381.67,rovinj,1211.29,split,992.84,adriaticsea,987.52,summer,908.73,boat,880.72,sun,866.3,island,859.03,jadran,812.5,zagreb,809.73,adria,790.77,sky,785.96
ARG,argentina,8543.28,atardecer,4609.72,buenosaires,3693.97,aires,2358.12,buenos,2335.65,sol,1965.92,nubes,1941.51,cielo,1811.44,patagonia,1668.74,del,1491.34,ciudad,1360.64,ocaso,1280.3,paisaje,1133.29,los,1057.07,sky,1052.08,naturaleza,1013.44,sun,1008.12,luz,980.0,que,979.81,campo,958.43
MDG,madagascar,1492.07,africa,348.52,nosy,258.21,baobab,199.0,morondava,194.69,malagasy,194.27,baobabs,162.35,nosybe,158.26,antananarivo,158.26,ifaty,149.62,afrique,102.77,madagaskar,99.45,sea,86.23,malgache,85.99,beach,84.64,be,80.16,soleil,79.05,travel,78.67,isalo,77.56,nature,74.19
VNM,vietnam,6282.43,hanoi,1646.85,asia,1537.94,saigon,1143.88,halong,1064.4,halongbay,1000.83,asian,935.33,ho√†ngh√¥n,842.36,h√†n·ªôi,774.98,hoian,773.67,vi·ªátnam,768.25,vietnamese,710.92,phu,695.89,travel,692.07,hoi,680.25,quoc,644.27,phuquoc,621.12,bay,604.13,city,590.76,canon,566.44
MUS,mauritius,2212.59,maurice,566.62,indianocean,381.72,ilemaurice,351.77,flicenflac,295.87,beach,261.86,ocean,228.85,sea,222.39,ile,218.73,flac,218.1,flic,211.06,island,188.05,indian,172.57,aux,167.89,tropical,152.56,mauritian,152.56,biches,148.07,trou,135.86,boat,133.13,soleil,117.74
MLT,malta,3654.04,gozo,1156.16,valletta,751.15,mediterranean,654.57,sliema,503.86,sea,495.62,maltese,455.74,malte,326.55,island,307.71,bay,297.46,europe,267.4,mellieha,257.56,dwejra,253.69,cliffs,235.51,sun,231.46,sky,218.39,the,217.52,church,202.57,harbour,200.85,dingli,198.69
REU,r√©union,1131.08,reunion,1119.26,reunionisland,683.41,iledelar√©union,587.89,soleil,548.32,ile,512.28,974,498.63,runion,478.45,lar√©union,435.53,mer,405.39,island,404.58,coucher,383.78,coucherdesoleil,371.86,plage,346.35,√Æledelar√©union,318.13,iledelareunion,291.64,sur,281.51,oc√©anindien,271.95,indianocean,248.56,djimos,210.61
ACA,antigua,1035.84,caribbean,355.03,jolly,193.56,westindies,191.9,barbuda,180.64,jollybeach,166.43,beach,131.37,shirley,118.01,sea,108.02,antiguaandbarbuda,103.76,franbanks,94.33,antiguasunset,93.96,heights,91.51,island,89.75,bay,84.33,resort,80.03,leewardislands,79.82,sand,79.46,antiguan,77.56,cocobay,77.16
LTU,lithuania,1747.54,lietuva,967.38,vilnius,586.62,kaunas,560.51,hrefhttptwittercomnejaunet,398.85,hrefhttpwwwfacebookcomafotoeuvwallamprefts,398.85,hrefhttpwwwafotoeu,395.59,hrefhttpinstagramcomafotoeu,385.01,relnofollowportfolioa,341.08,stronga,320.37,baltic,279.29,relnofollowgetty,277.54,imagesa,274.38,strong,251.25,djiglobal,247.42,djieurope,242.04,relnofollowinstagrama,239.36,dronas,238.14,birdseye,235.36,relnofollowtwittera,235.06
ESI,ibiza,5507.4,mallorca,5236.09,spain,3122.19,baleares,2895.55,eivissa,2400.65,menorca,2308.13,mar,1943.69,sea,1810.02,majorca,1756.06,atardecer,1730.94,cala,1607.63,sol,1473.64,balearicislands,1350.36,mediterranean,1274.93,espa√±a,1262.66,balearic,1253.84,formentera,1130.03,palma,1041.0,spanien,1029.59,playa,1023.73
EGY,egypt,6560.49,nile,2539.98,cairo,1768.59,luxor,1331.21,redsea,962.7,desert,886.65,egitto,776.7,alexandria,751.49,egyptian,744.78,√§gypten,735.32,aswan,715.36,sinai,708.64,egypte,694.96,africa,669.25,sharm,632.77,egipto,596.75,the,574.83,felucca,559.65,river,558.03,giza,550.17
ESC,tenerife,5844.47,canaryislands,4708.23,canarias,4540.42,spain,3408.51,grancanaria,3046.78,canary,2917.63,lanzarote,2865.92,islascanarias,2749.18,canaria,2397.88,gran,2265.96,fuerteventura,2246.47,playa,2058.95,atardecer,1783.18,sea,1642.09,islands,1554.2,teide,1533.44,islas,1461.68,espa√±a,1447.54,canaries,1375.4,las,1359.3
AIA,maarten,758.45,stmaarten,754.59,caribbean,576.31,sxm,560.08,sintmaarten,457.54,stmartin,454.53,saintmartin,433.91,maho,361.9,sint,290.05,martin,281.42,bar,212.79,mahobeach,209.78,beach,197.5,juliana,187.37,tncm,174.14,anguilla,161.94,ocean,157.49,antilles,156.32,saint,147.65,simpsonbay,141.76
NZN,newzealand,10002.94,auckland,5409.68,zealand,4375.91,nz,3435.27,new,3151.38,northisland,2599.67,wellington,2285.76,beach,1750.14,the,1571.42,clouds,1485.96,sea,1460.54,sky,1449.64,and,1445.73,aotearoa,1327.02,bay,1321.72,water,1306.41,from,1260.81,tomraven,1223.62,sun,1171.24,island,1152.49
MEX,mexico,12795.88,sandiego,5799.55,atardecer,3960.26,california,3555.5,m√©xico,3345.05,ocean,3285.12,beach,3172.29,diego,3157.35,san,3056.04,lajolla,2443.69,pacific,2297.85,jolla,2177.14,vallarta,2019.23,playa,1988.15,puertovallarta,1930.51,clouds,1909.26,sky,1867.46,cancun,1803.53,puerto,1678.38,sun,1623.13
POL,poland,9034.39,polska,5100.8,zach√≥d,1946.17,warsaw,1723.85,zach√≥ds≈Ço≈Ñca,1356.48,polen,1323.24,landscape,1236.71,sky,1220.13,sun,1176.38,niebo,1083.62,nature,1081.54,warszawa,1061.83,s≈Ço≈Ñca,1037.48,clouds,1006.62,baltic,924.65,krajobraz,904.59,chmury,872.83,s≈Ço≈Ñce,872.72,polonia,869.83,polish,830.18
BMU,bermuda,1003.03,backyardsunset,207.42,backyard,159.48,digitalcamera,146.16,ocean,134.11,fiatlux,110.19,bermudasunset,90.76,digital,89.82,sea,74.43,camera,70.57,atlantic,68.44,dockyard,65.41,hamilton,64.97,water,64.03,cruise,62.03,clouds,56.78,kingswharf,54.25,dusk,53.45,backyardsunrise,49.99,the,47.39
EST,estonia,2818.88,tallinn,1376.39,eesti,1345.74,loojang,694.94,estland,650.46,baltic,463.68,viro,385.79,sea,369.45,—ç—Å—Ç–æ–Ω–∏—è,340.18,estonie,328.97,p√§ike,298.0,√µhtu,293.8,tartumaa,284.45,ŒµœÉŒ∏ŒøŒΩŒØŒ±,279.78,p√§ikeseloojang,277.19,meri,245.28,visitestonia,243.88,evening,241.44,europe,240.5,tallin,239.22
COD,congo,159.56,africa,94.08,drc,89.3,kinshasa,54.99,zambia,49.47,kivu,46.63,kazembe,40.99,luapula,40.99,african,35.63,goma,33.29,tanganyika,32.76,congolar√©pd√©mdu,31.05,r√©publiqued√©mocratiqueducongo,26.5,kalene,26.5,congoriver,26.5,democraticrepublicofthecongo,26.5,zaire,25.39,burundi,25.18,rdc,24.66,lake,23.12
ZAX,southafrica,7831.21,africa,4898.56,capetown,4240.04,cape,3211.16,south,2897.66,westerncape,1960.11,town,1857.24,tablemountain,1352.82,table,1250.04,the,1134.97,kruger,1131.78,johannesburg,1131.5,african,1128.13,mountain,1033.01,bay,915.39,safari,907.45,clouds,831.11,beach,818.2,ocean,809.59,from,806.35
SVN,trieste,4320.24,marantoni2004,2296.32,antoniomarano,2293.53,tagsforlikes,2282.25,swag,2265.01,tflers,2253.3,tbt,2247.16,instalike,2232.52,bestoftheday,2200.99,followme,2197.93,igers,2151.12,instadaily,2146.38,instagood,2039.61,slovenia,2034.65,picoftheday,2034.54,photooftheday,1957.18,smile,1925.1,fashion,1921.08,cute,1919.61,blackwhite,1879.58
MYS,malaysia,11382.13,penang,3213.37,sabah,2688.09,kuala,2462.73,asia,2323.43,borneo,2308.31,beach,2128.38,kualalumpur,1947.58,travel,1801.51,landscape,1792.72,selangor,1699.98,sea,1633.92,lumpur,1621.99,pantai,1608.6,nature,1517.29,canon,1506.55,the,1492.28,sunrise,1488.67,kotakinabalu,1467.8,kinabalu,1438.06
JOR,jordan,1915.29,israel,1246.59,wadi,683.35,jerusalem,672.19,deadsea,656.87,wadirum,595.58,amman,560.23,rum,548.15,dead,500.39,desert,496.52,middleeast,417.83,aqaba,402.01,sea,273.23,palestine,257.19,the,233.15,travel,197.35,jordanie,197.14,sun,189.57,eilat,188.3,over,183.51
BLR,belarus,436.09,minsk,292.63,–±–µ–ª–∞—Ä—É—Å—å,143.58,–º–∏–Ω—Å–∫,99.45,–∑–∞–∫–∞—Ç,64.4,mogilev,54.6,evening,52.58,sky,49.69,city,43.26,–Ω–µ–±–æ,40.79,—Å–∏–ª—É—ç—Ç,37.88,pripyat,35.55,–≤–µ—á–µ—Ä,34.0,clouds,33.92,nature,32.39,–æ–±–ª–∞–∫–∞,30.53,chernobyl,30.22,the,28.91,summer,27.84,sun,25.72
AUT,austria,5226.49,√∂sterreich,3052.57,sonnenuntergang,2368.56,salzburg,1694.44,alps,1533.82,lake,1187.57,mountain,1142.54,mountains,1141.52,landscape,1010.38,k√§rnten,961.63,carinthia,954.32,bavaria,951.76,bayern,941.71,alpen,912.57,landschaft,864.65,see,857.9,sky,840.23,nature,829.7,bratislava,821.66,clouds,814.15
DZA,algeria,1169.09,sahara,668.18,morocco,619.7,alg√©rie,579.26,desert,565.37,algerie,547.91,merzouga,528.2,algiers,457.19,ÿßŸÑÿ¨ÿ≤ÿßÿ¶ÿ±,445.92,alger,427.87,africa,372.04,dunes,314.45,soleil,302.75,ergchebbi,282.6,erg,270.12,coucher,263.38,chebbi,257.75,sand,256.71,maroc,240.7,mer,236.65
KWT,kuwait,2624.4,q8,874.46,ÿßŸÑŸÉŸàŸäÿ™,830.75,kuwaitcity,801.05,wwwsalsayeghcom,554.42,sarahhalsayeghphotography,533.48,infosalsayeghcom,528.34,mark,506.63,stateofkuwait,484.92,leefilters,476.22,eos,451.35,namecanon,441.13,alsayeghexposure,437.92,alsayeghcopyrightsarah,416.25,length,415.9,firefocal,405.37,kuwaiti,395.09,iiiartistsarah,390.79,model,388.28,camera,385.7
VEN,venezuela,2746.83,aruba,1733.87,atardecer,1063.13,caracas,860.73,caribbean,469.32,margarita,397.89,beach,394.99,sol,354.12,cielo,328.3,nubes,323.58,playa,315.73,sun,279.22,maracaibo,276.37,ocaso,274.19,sky,271.36,caribe,253.68,del,244.33,clouds,240.41,que,236.15,los,227.71
DOM,dominicanrepublic,1260.19,dominican,950.38,republic,636.21,puntacana,510.93,republicadominicana,461.81,santodomingo,445.72,dominicana,433.94,caribbean,423.11,bayahibe,403.29,cana,400.11,punta,302.58,rep√∫blicadominicana,288.26,beach,283.9,playa,218.14,caribe,202.3,atardecer,196.25,samana,189.86,domingo,187.27,puertoplata,186.67,instagram:venue=573550390,182.64
NIR,ireland,4457.86,northernireland,3453.15,donegal,1911.65,ulster,1893.08,northern,1830.28,lough,1629.22,belfast,1408.25,inishowen,1290.74,antrim,1225.98,county,1099.86,irish,1049.96,tyrone,1005.89,the,979.53,ni,962.19,buncrana,880.5,countydown,866.99,and,830.54,sun,798.7,down,790.02,sky,774.84
GTM,guatemala,2357.98,atitlan,544.83,centralamerica,494.44,panajachel,410.58,volcano,384.03,atardecer,336.02,flores,307.23,lakeatitlan,306.39,antigua,285.18,lake,283.51,peten,276.37,lago,273.49,volcan,220.61,tikal,201.84,atitl√°n,174.14,nubes,170.62,monterrico,166.43,itza,165.76,clouds,152.65,volcanoes,147.12
BIS,dubrovnik,2232.83,croatia,1631.0,adriatic,601.12,sea,320.43,hrvatska,312.29,dalmatia,301.71,oldtown,225.54,old,219.15,europe,216.77,walls,211.85,mostar,211.41,bosnia,195.79,adriaticsea,195.52,lapad,190.69,croacia,185.05,city,177.97,town,176.26,dubrovniksunset,161.53,dubrovnikcroatia,161.53,travel,160.02
KOR,korea,3664.85,seoul,2238.97,southkorea,2024.39,ÎåÄÌïúÎØºÍµ≠,965.18,ÌïúÍµ≠,901.51,asia,744.66,busan,710.46,ÏÑúÏö∏,680.87,south,609.33,korean,576.55,hanriver,369.02,ÏùºÎ™∞,354.53,incheon,349.97,city,341.11,ÎèôÌòï,329.39,han,326.09,landscape,322.84,namsan,303.46,republicofkorea,279.37,night,277.48
BGD,bangladesh,2393.75,dhaka,1229.49,chittagong,419.88,nature,353.2,festival,286.23,mirpur,260.58,sky,257.63,nikon,250.17,people,249.36,this,244.71,canon,244.45,the,243.11,for,241.12,red,239.31,river,237.52,coxsbazar,230.31,art,228.06,sun,225.58,green,221.75,you,219.29
CUB,cuba,5094.14,havana,1951.15,habana,1358.78,varadero,1206.29,malecon,953.44,cuban,891.67,lahabana,876.37,trinidad,799.94,caribbean,751.39,kuba,632.21,caribe,484.88,beach,447.01,cienfuegos,439.14,cayo,432.34,sea,421.19,atardecer,385.44,malec√≥n,373.7,travel,365.37,playa,354.0,ocean,307.6
TZA,tanzania,3030.5,zanzibar,1973.75,africa,1729.78,safari,712.99,serengeti,684.42,kilimanjaro,527.96,stonetown,489.67,nungwi,486.12,dhow,424.52,kenya,397.27,amboseli,335.48,eastafrica,297.0,ngorongoro,283.19,indianocean,281.11,african,273.13,national,236.92,boat,235.54,the,235.52,tarangire,233.81,stone,227.78
PAK,pakistan,2059.54,karachi,872.25,islamabad,637.85,punjab,392.8,lahore,314.55,sindh,269.74,seaview,175.33,clifton,175.11,the,171.07,rawal,170.09,sun,167.53,beautiful,157.73,and,156.84,nature,154.66,evening,138.42,rawalpindi,136.78,pakistani,136.06,mountains,133.5,clouds,133.48,sky,133.39
CYN,cyprus,1096.22,larnaca,518.19,larnaka,268.28,ayia,236.1,napa,232.87,saltlake,223.38,Œ∫œçœÄœÅŒøœÉ,177.52,ayianapa,173.73,salt,154.77,protaras,141.76,zypern,127.36,ŒªŒ¨œÅŒΩŒ±Œ∫Œ±,125.03,sea,113.47,stavrovouni,107.64,ssjgeorge,106.87,agianapa,103.35,famagusta,103.35,georgestavrinos,102.59,Œ≥ŒπœéœÅŒ≥ŒøœÉœÉœÑŒ±œÖœÅŒπŒΩœåœÉ,102.59,mediterranean,100.35
THA,thailand,16664.56,bangkok,5020.27,koh,4246.55,phuket,4180.89,asia,4001.36,thai,3638.69,beach,2992.42,krabi,2432.97,travel,2333.56,sea,2214.87,island,1928.89,samui,1635.03,boat,1505.42,wat,1482.62,the,1446.79,sky,1425.44,temple,1378.22,ocean,1332.5,southeastasia,1320.3,pattaya,1308.44
PRI,puertorico,2547.02,rico,1413.68,puerto,1192.92,sanjuan,773.61,juan,692.91,caribbean,525.24,san,457.85,oldsanjuan,403.72,rincon,373.7,beach,344.74,pr,337.26,playa,294.68,atardecer,285.2,ocean,280.53,vieques,234.23,caborojo,225.56,aguadilla,222.04,morro,207.27,tropical,183.07,ponce,170.89
DJI,djibouti,49.48,cheetas,26.16,africa,25.66,leopards,23.32,zebras,21.23,cheetah,20.62,leopard,19.51,monkeys,18.38,bats,18.25,elephants,18.03,bat,17.95,hornofafrica,17.86,zebra,17.51,monkey,16.42,cibuti,16.14,djibuti,15.9,d≈ºibuti,15.9,d≈æibuti,15.9,d≈æibutsko,15.9,jabuuti,15.9
LAO,laos,2622.74,mekong,1689.14,luang,1080.62,prabang,1055.91,luangprabang,983.29,vientiane,643.86,river,584.85,asia,573.57,lao,519.45,mekongriver,505.3,southeastasia,383.58,vieng,354.64,vang,351.88,thailand,341.75,vangvieng,332.3,travel,258.69,nongkhai,253.69,over,242.0,the,224.15,nong,220.15
CRI,costarica,4845.65,rica,3163.56,costa,2614.47,playa,870.65,guanacaste,827.99,beach,804.09,centralamerica,785.29,pacific,655.68,ocean,590.58,tamarindo,571.9,puntarenas,571.08,manuelantonio,510.08,atardecer,472.97,manuel,443.86,puravida,436.67,antonio,417.33,quepos,395.57,jaco,368.42,the,346.41,nicoya,332.71
DNK,denmark,6146.34,danmark,2659.37,d√§nemark,2048.17,solnedgang,1357.91,strand,1276.29,sonnenuntergang,1204.19,jylland,1153.69,jutland,946.05,nordsee,891.07,sea,858.72,beach,833.19,northsea,833.03,sun,768.58,himmel,749.47,water,721.24,meer,714.1,sky,702.26,nature,701.17,the,684.3,danish,664.11
USK,alaska,4508.6,anchorage,1555.62,ak,616.71,denali,536.58,mountains,519.01,cookinlet,500.32,fairbanks,466.61,snow,422.67,the,401.86,inlet,399.37,cook,361.68,winter,358.52,alaskan,348.54,and,331.57,mountain,324.05,chugach,322.31,ice,312.99,this,311.97,from,307.67,turnagainarm,307.24
PAZ,azores,1194.13,a√ßores,635.27,portugal,477.61,pico,326.44,miguel,300.96,acores,284.27,azoren,280.2,saomiguel,269.12,island,215.11,faial,202.67,sao,179.13,terceira,175.81,mosteiros,161.13,s√£omiguel,157.04,delgada,153.57,ponta,152.5,pontadelgada,145.49,ilha,144.05,pedromadruga,112.32,lajes,111.14
ROU,romania,3856.08,apus,955.03,transylvania,728.12,timisoara,682.14,roumanie,625.4,bucharest,576.21,sky,489.1,landscape,485.12,mountains,466.51,brasov,464.28,clouds,455.74,nature,430.53,light,413.54,sun,412.95,winter,392.6,superangular,382.71,grandangular,382.45,snow,382.34,carpathians,378.69,panorama,372.27
KEN,kenya,2227.22,africa,1028.46,mara,866.96,safari,777.81,masaimara,685.22,masai,660.16,wildlife,360.29,maasai,347.75,african,243.44,maasaimara,237.3,kenia,233.98,lion,209.75,nairobi,206.74,acacia,196.63,macswildpixels,189.45,nakuru,183.92,tsavo,182.23,eastafrica,174.49,game,170.04,reserve,169.98
NAM,namibia,3176.13,africa,1659.22,etosha,769.09,chobe,705.59,botswana,633.05,desert,571.63,namib,546.1,safari,490.36,sossusvlei,436.38,afrika,403.19,african,382.97,swakopmund,378.07,namibian,322.41,wildlife,296.96,etoshanationalpark,276.8,namibdesert,276.8,namibie,270.91,waterhole,261.37,lodge,256.93,southernafrica,252.62
NPL,nepal,1945.97,kathmandu,907.14,pokhara,691.98,annapurna,531.09,himalaya,499.46,himalayas,433.38,asia,408.3,temple,266.3,stupa,258.53,mountains,250.5,trekking,240.79,mountain,231.25,nagarkot,228.67,phewa,222.46,trek,220.18,travel,208.02,bhaktapur,205.01,everest,199.17,nepali,198.82,prayer,153.52
ALD,√•land,417.8,finland,146.57,mariehamn,143.94,geta,106.87,aland,89.3,ahvenanmaa,76.79,√•landislands,67.87,ecker√∂,59.57,sea,55.37,baltic,54.23,alandislands,53.61,suomi,51.78,archipelago,51.33,√Öland,49.99,aÃäland,45.7,platinumheartawards,41.54,balticsea,39.16,land,37.58,seascape,34.02,platinumpeaceaward,33.82
MDV,maldives,3266.99,maldive,604.68,island,598.33,atoll,587.46,male,525.81,malediven,445.72,indianocean,372.84,sea,362.19,beach,350.03,ocean,329.74,maldivian,328.0,resort,327.17,uniquemaldives,313.06,holiday,312.82,paradise,269.4,ari,259.69,sun,235.13,water,225.0,the,224.62,travel,218.69
COL,colombia,4690.12,atardecer,1829.77,cartagena,1044.12,bogota,933.95,antioquia,673.65,bogot√°,650.23,sol,535.15,nubes,505.97,cielo,498.23,santamarta,488.83,marta,477.51,southamerica,411.98,mar,388.38,playa,382.7,taganga,370.71,medellin,365.11,sun,335.79,del,331.21,paisaje,331.05,santa,328.72
SEN,senegal,572.14,africa,254.44,dakar,244.45,s√©n√©gal,141.76,gambia,135.46,afrique,115.62,westafrica,95.39,saloum,81.59,afrika,48.38,soleil,45.41,beach,43.2,sine,42.28,hrefhttpstwittercomgrrphotography,41.14,relnofollowtwittercomgrrphotographya,41.14,ngor,40.99,sngal,40.99,hrefhttpwwwfacebookcomgeraintrowlandphotography,40.21,thegambia,40.19,wwwgeraintrowlandcouk,39.91,firstif,39.41
HUN,hungary,6394.55,budapest,4424.98,balaton,2243.63,naplemente,2236.73,danube,1886.09,magyarorsz√°g,1740.79,buda,1036.45,duna,1027.24,lake,766.56,hungarian,694.55,ungarn,692.79,river,681.9,city,616.71,pest,597.2,sky,587.83,canon,582.59,bridge,575.0,nature,563.24,donau,547.03,sun,536.39
ISR,israel,4144.3,telaviv,2647.25,aviv,1510.79,tel,1506.61,sea,822.41,beach,819.96,mediterranean,752.64,telavivbeach,639.98,jaffa,632.36,◊ô◊©◊®◊ê◊ú,555.0,mediterraneansea,543.5,travelinisrael,500.75,haifa,479.0,seascapes,459.65,canonkiss5,442.74,jordan,395.85,canont3i,395.59,middleeast,384.28,sun,375.47,clouds,371.68
BRB,barbados,1939.73,caribbean,496.06,beach,238.05,sea,181.55,barbadossunset,178.19,bridgetown,178.04,holetown,158.26,westindies,154.2,ocean,139.03,whatsupbarbados,137.6,square,129.3,carribean,125.95,75pool,112.32,arawidi,112.32,duravit,112.32,hrefhttpwwwmoonshinebarbadoscomshow_homeaspx,112.32,paspalum,112.32,skavolini,112.32,viewlooking,112.32,vibrantly,108.81
RUA,russia,1563.1,siberia,1315.42,baikal,590.66,–∑–∞–∫–∞—Ç,419.88,—Ä–æ—Å—Å–∏—è,378.07,novosibirsk,321.89,vladivostok,298.82,nature,262.29,river,256.67,lake,255.52,lakebaikal,249.39,—Å–∏–±–∏—Ä—å,248.56,winter,246.74,summer,229.08,evening,221.05,landscape,220.35,irkutsk,206.65,sky,200.09,olkhon,194.69,snow,191.97
WSM,samoa,280.69,savaii,98.65,upolu,54.6,apia,40.29,samoan,35.55,westernsamoa,31.4,ocean,30.76,eugenehuman,29.59,island,28.49,paradise,27.63,samoaib,26.5,southpacific,24.46,pacific,23.63,eugene,22.39,holiday,22.08,beach,22.04,resort,21.18,fales,20.93,pabloreinschphotography,19.8,nikond300s,19.5
URY,uruguay,3330.49,montevideo,1354.7,atardecer,1245.26,puntadeleste,837.87,punta,729.58,del,633.46,playa,627.63,maldonado,620.02,sol,612.96,este,524.77,mar,457.02,cielo,438.84,rambla,419.71,rocha,408.68,nubes,384.38,beach,375.6,uruguai,336.1,plata,298.63,sun,290.97,paisaje,290.43
JPY,japan,896.88,fukuoka,606.69,kyushu,517.66,nagasaki,442.29,Êó•Êú¨,385.24,‰πùÂ∑û,354.79,Á¶èÂ≤°,278.08,Â§ïÁÑº„Åë,204.89,kumamoto,185.84,kagoshima,184.58,Èï∑Â¥é,166.02,fuk,157.44,prefecture,132.42,Â§ïÊó•,128.95,fukuokaairport,128.82,rjff,125.03,hakata,124.62,Á¶èÂ≤°Á©∫Ê∏Ø,124.62,jetairliner,114.32,jetaircraft,110.86
FJI,fiji,2042.02,island,320.53,nadi,285.02,resort,263.62,southpacific,227.16,fijian,222.04,fijisunset,205.81,beach,182.51,yasawa,178.19,pacific,169.34,ocean,161.18,suva,152.56,islands,141.29,tropical,136.13,yasawaislands,125.03,palm,119.58,denarau,116.17,fj,110.38,coralcoast,109.43,sea,108.02
TCA,turks,370.8,caicos,360.03,turksandcaicos,303.6,providenciales,299.24,turkscaicos,161.53,provo,134.57,grace,122.09,caribbean,104.56,gracebay,99.45,tci,85.99,beach,81.11,turksandcaicosislands,71.34,bay,62.87,islands,59.94,ocean,51.68,and,51.2,vacation,49.81,amp,46.99,clubmed,43.62,island,41.31
LBN,lebanon,1503.53,beirut,928.06,liban,437.16,byblos,306.81,sea,197.89,jbeil,190.69,mediterranean,166.49,beyrouth,166.02,ŸÑÿ®ŸÜÿßŸÜ,164.08,jounieh,141.34,hrefhttpswwwflickrcomphotoskartabapaul,139.28,saads,139.28,middleeast,128.09,sun,112.42,saad,108.69,clouds,108.41,corniche,98.14,libano,97.92,lebanese,94.23,unauthorised,94.22
FXC,corsica,2967.26,corse,2726.29,france,935.41,sea,930.43,elba,895.95,mare,872.11,calvi,865.22,tramonto,844.99,mer,777.85,livorno,744.72,soleil,721.56,bastia,688.6,toscana,637.69,balagne,632.27,ilerousse,632.27,isoladelba,603.97,iledebeaut√©,593.54,m√©diterran√©e,592.78,ile,569.84,kalliste,569.68
DNB,bornholm,108.47,denmark,51.4,dueodde,31.4,regionhovedstaden,24.11,svaneke,21.52,d√§nemark,19.11,christians√∏,16.43,nex√∏,16.43,sonnenuntergang,15.1,danmark,11.74,christians√∂,11.2,erbseninsel,11.2,ertholmene,11.2,bornholmsunset,11.2,s√∏marken,10.95,ostsee,10.94,gudhjem,10.35,journeys2015,10.35,itsalive,10.25,geo:country=denmark,10.16
SLV,elsalvador,611.68,salvador,364.9,sansalvador,183.2,atardecer,145.42,neoslv,112.32,picturesofelsalvador,99.45,centroam√©rica,97.35,playa,91.85,salinitas,86.39,centroamerica,84.31,centralamerica,84.02,elpulgarcitodeamerica,76.79,el,75.55,beach,72.3,lalibertad,63.83,eltunco,59.57,tunco,59.57,sansalvadorelsalvador,59.57,sol,58.76,elsalvadoramericacentral,54.99
BHS,bahamas,1547.55,nassau,628.13,caribbean,289.37,eleuthera,269.12,ocean,207.93,cruise,195.63,island,190.89,cay,168.73,atlantis,161.15,thebahamas,152.56,paradise,149.66,beach,146.36,bahama,134.28,freeport,123.2,vacation,122.75,paradiseisland,113.96,water,112.94,bahamian,110.77,the,101.41,sea,100.76
BFR,belgium,1744.7,bruges,795.41,belgique,686.66,brugge,672.87,zeeland,556.15,zonsondergang,547.37,strand,510.09,oostende,509.66,beach,494.62,sea,488.36,zee,471.5,northsea,438.58,belgi√´,425.32,belgien,402.97,vlaanderen,394.1,flanders,362.53,westvlaanderen,361.9,dunkerque,355.17,mer,343.65,noordzee,334.09
DMA,dominica,302.3,guadeloupe,191.31,caribbean,184.81,antilles,125.06,caribbeansea,73.63,basseterre,72.51,saintes,70.49,cara√Øbes,66.14,westindies,61.68,lessaintes,54.99,mer,53.5,soleil,52.14,mariegalante,49.99,coucher,43.27,sea,42.66,coucherdesoleil,41.11,roseau,40.7,les,39.11,cabrits,36.22,rossuniversity,36.22
ERI,eritrea,66.58,asmara,59.18,africa,32.07,√©rythr√©e,31.4,africaorientaleitaliana,26.5,eritre,26.5,eritre√´,26.5,eritreia,26.5,eritr√©ia,26.5,eritreja,26.5,eritrƒója,26.5,eritreo,26.5,eritreya,26.5,ertra,26.5,erythra√≠a,26.5,erytrea,26.5,erytreja,26.5,ŒµœÅœÖŒ∏œÅŒ±ŒØŒ±,26.5,–µ—Ä–∏—Ç—Ä–µ—ò–∞,26.5,–µ—Ä–∏—Ç—Ä–µ—è,26.5
TTD,trinidad,569.51,trinidadandtobago,301.39,caribbean,255.33,tobago,165.71,portofspain,141.76,trinidadtobago,103.46,westindies,82.24,gulfofparia,77.56,ilovetrinidadandtobagocom,73.11,trinidadandtobagophotography,68.63,ziadjosephphotography,63.72,zaj,59.57,ziadjoseph,54.6,d5200,53.61,sky,51.66,paria,48.36,hrefhttpswwwinstagramcomilovetrinidadandtobago,45.7,dusk,43.95,clouds,42.03,the,41.23
MAR,morocco,5810.65,maroc,3159.13,tarifa,1910.68,marrakech,1841.26,africa,1746.89,cadiz,1651.38,playa,1498.29,atardecer,1462.69,spain,1394.08,marruecos,1294.01,andalucia,1287.04,essaouira,1208.06,beach,1133.84,marokko,1124.64,espa√±a,1020.75,sol,995.66,rabat,993.11,gibraltar,990.92,marrakesh,939.59,marocco,937.89
OMN,oman,1551.7,muscat,653.69,ÿπŸÖÿßŸÜ,361.8,salalah,336.87,dhofar,292.07,desert,275.38,ÿ∏ŸÅÿßÿ±,238.14,middleeast,228.74,ÿµŸÑÿßŸÑÿ©,214.57,khareef,202.67,ÿÆÿ±ŸäŸÅ,202.25,uae,198.81,alain,188.62,mirbat,186.67,arabia,181.57,sultanate,179.13,sultanateofoman,165.21,ŸÖÿ±ÿ®ÿßÿ∑,162.35,ŸÑÿßŸÜÿØÿ≥ŸÉŸäÿ®,159.29,alhadi,158.26
ATB,antarctica,462.24,antarctic,175.58,iceberg,141.43,ice,121.61,antarcticpeninsula,111.91,peninsula,63.06,snow,58.08,penguins,54.75,icebergs,54.37,penguin,47.22,hrefhttpantarcticfurycomantarcticfurycoma,45.7,expedition,45.43,southpole,44.39,glacier,42.13,lemairechannel,36.22,seaice,35.81,lemaire,34.31,ship,33.45,midnight,31.8,antarcticsunset,31.4
PMD,madeira,2112.35,funchal,897.09,portugal,845.0,madeiraisland,306.81,island,300.59,ilhadamadeira,229.89,atlantic,229.61,sea,219.67,ponta,214.22,ocean,201.78,konceptsketcher,153.27,clouds,149.7,pontadosol,147.21,ilha,144.05,mad√®re,133.01,mar,126.45,calheta,126.27,pico,125.81,atlantik,114.83,the,112.31
PAN,panama,1025.44,panam√°,287.0,panamacity,179.35,atardecer,134.13,centralamerica,116.34,bocasdeltoro,94.71,bocas,92.02,panam,90.93,canal,89.66,city,72.92,ocean,70.13,sanblas,68.01,cascoviejo,67.52,casco,67.38,del,66.97,toro,61.85,colon,61.11,ciudad,60.1,pacific,59.07,playa,55.49
JPN,yakushima,95.12,japan,85.81,kagoshima,55.8,Â±ã‰πÖÂ≥∂,36.22,kyushu,27.04,island,22.79,‰πùÂ∑û,20.39,Êó•Êú¨,18.47,tanegashima,16.43,nakaumi,15.52,japanese,14.9,ÈπøÂÖêÂ≥∂,14.4,goto,13.01,tottori,12.94,nagasaki,11.95,Â§ïÁÑº„Åë,11.71,ÂåóÊµ∑ÈÅì,11.27,fukue,11.2,ÊåáÂÆø,11.2,ÊåáÂÆøÂ∏Ç,11.2
LCA,stlucia,1093.14,lucia,806.77,caribbean,573.88,saintlucia,392.72,martinique,266.96,saint,160.16,soufriere,148.07,sea,145.24,castries,144.69,ocean,137.8,island,131.06,rodneybay,120.81,westindies,119.93,beach,117.26,st,108.36,pitons,101.77,cruise,100.2,resort,98.86,stluciasunset,97.92,salines,96.51
ZMB,zambia,982.43,zambezi,620.04,africa,513.16,victoriafalls,433.46,zimbabwe,428.44,livingstone,278.3,falls,244.69,river,222.19,victoria,198.08,safari,197.27,luangwa,181.42,zambeziriver,157.08,southluangwa,150.03,cruise,131.21,zambesi,127.67,kafue,103.76,african,100.94,southluangwanationalpark,86.39,the,83.4,sambia,81.21
ARE,dubai,5286.59,uae,4042.41,emirates,1861.3,burj,1814.51,unitedarabemirates,1720.46,arab,1495.43,abudhabi,1174.34,khalifa,1078.92,abu,1016.02,dhabi,1012.22,jumeirah,993.47,burjkhalifa,862.43,desert,830.32,burjalarab,762.84,middleeast,640.46,united,639.35,hotel,626.03,architecture,541.09,city,535.15,skyline,532.23
SRV,serbia,1621.07,belgrade,1376.8,srbija,853.64,beograd,834.06,danube,450.89,vojvodina,367.81,sava,325.05,dunav,312.69,kalemegdan,301.79,szeged,295.87,river,294.98,zalazak,271.89,nature,224.67,city,223.7,sky,221.66,novisad,217.28,stojanovic,204.62,novi,200.91,hungary,189.86,banat,167.89
LVA,latvia,2117.22,riga,1137.21,latvija,776.59,baltic,517.91,daugava,377.65,jurmala,348.48,lettland,290.0,–ª–∞—Ç–≤–∏—è,272.97,sea,265.97,saulriets,222.17,evening,209.25,summer,206.3,sky,197.47,nature,196.45,balticsea,195.79,smarde,178.61,landscape,176.79,river,176.22,sun,170.47,lettonie,169.68
PER,peru,4508.51,lima,2040.03,per√∫,1094.96,southamerica,837.16,miraflores,804.8,atardecer,775.11,titicaca,717.35,sol,551.03,bolivia,512.38,peruvian,489.51,playa,486.03,arequipa,475.86,andes,437.16,ocaso,426.01,cusco,423.02,travel,408.04,del,394.55,mar,384.76,per,383.0,ica,382.73
PRY,paraguay,322.44,asunci√≥n,97.25,asuncion,78.47,atardecer,72.0,sol,39.7,southamerica,39.61,vermelho,37.21,duetos,36.78,paraguayriver,35.87,laranja,32.63,p√¥rdosol,31.45,amambay,31.4,cielo,31.35,rio,31.3,amarelo,29.74,reflexo,26.65,rioparaguay,25.87,chaco,25.67,bernardino,25.36,del,25.34
TUN,tunisia,1589.08,tunisie,756.59,tunis,460.22,djerba,321.47,pantelleria,232.59,sahara,230.29,sousse,229.89,ÿ™ŸàŸÜÿ≥,221.63,africa,213.82,hammamet,198.69,mahdia,174.56,sea,165.21,desert,160.64,monastir,156.28,douz,133.43,beach,132.25,t√∫nez,129.24,plage,127.37,soleil,124.46,tunesien,124.22
SAU,saudi,1413.55,arabia,1170.47,saudiarabia,1146.35,bahrain,1082.86,jeddah,931.54,riyadh,880.94,ksa,866.56,ÿ∫ÿ±Ÿàÿ®,580.82,manama,432.77,desert,431.85,ÿßŸÑÿ≥ÿπŸàÿØŸäÿ©,410.15,sun,321.83,photography,297.23,nikon,275.52,ÿ¥ŸÖÿ≥,269.58,the,267.75,canon,265.99,sky,253.05,sea,249.63,photo,239.27
CHP,easterisland,789.04,rapanui,678.44,moai,607.51,isladepascua,567.48,ahu,455.86,easter,445.21,chile,422.47,rapa,399.23,nui,388.49,tahai,333.13,pascua,277.01,hangaroa,245.93,island,245.03,hanga,221.63,roa,190.6,isla,185.65,ahutahai,141.76,pacific,139.8,moais,133.43,southamerica,116.2
GRD,grenada,633.25,caribbean,340.44,grenadines,203.79,anse,136.52,westindies,99.37,carriacou,86.39,beach,74.94,island,74.08,grandanse,73.85,sea,73.53,stgeorges,72.74,indies,71.48,georges,69.5,grand,68.96,grandansebeach,68.23,cays,65.05,sailing,64.98,vincent,63.33,boat,55.59,palm,54.35
CHH,sanya,236.89,hainan,160.0,china,106.7,‰∏â‰∫ö,86.39,Êµ∑Âçó,40.62,chinese,23.42,beach,22.04,bay,21.47,yalong,21.2,haikou,21.2,Êó•ËêΩ,19.48,sea,19.06,asia,17.5,sanyasunset,16.43,narada,16.43,yalongbay,16.43,‰∏â‰∫öÊπæ,16.43,sunsetinsanya,16.43,sanyachina,16.43,‰∏≠ÂõΩ,16.32
MOZ,mozambique,685.78,africa,295.07,mo√ßambique,242.14,maputo,179.42,kruger,150.67,southafrica,143.93,krugernationalpark,94.1,moambique,81.21,inhambane,75.46,national,66.12,african,65.31,mocambique,64.11,ibo,62.7,malawi,61.9,tofo,59.18,nampula,54.99,nature,53.29,beach,52.9,swaziland,52.76,park,50.5
CUW,curacao,830.52,bonaire,780.02,caribbean,440.14,cura√ßao,424.26,netherlandsantilles,365.38,willemstad,283.16,antilles,260.53,dutchcaribbean,178.58,caribbeannetherlands,162.35,caribischnederland,157.84,nederlandseantillen,157.04,curazao,140.94,ocean,137.8,antillen,133.99,kralendijk,120.81,sea,120.73,island,119.67,curaao,117.56,caribe,112.39,korsou,111.52
IRN,iran,1683.16,iranian,441.78,ÿß€åÿ±ÿßŸÜ,436.67,persia,403.15,persian,402.51,ÿ∫ÿ±Ÿàÿ®,384.28,tehran,373.54,isfahan,309.28,esfahan,284.45,shiraz,191.93,yazd,158.26,ÿßŸäÿ±ÿßŸÜ,153.74,ÿ¢ÿ≥ŸÖÿßŸÜ,151.54,middleeast,143.34,ÿÆŸàÿ±ÿ¥€åÿØ,137.17,ÿßÿµŸÅŸáÿßŸÜ,120.81,persiangulf,119.04,mountain,117.15,sun,112.42,mazandaran,108.05
LKA,srilanka,3270.75,sri,2143.88,lanka,2114.74,colombo,790.84,galle,669.88,ceylon,541.33,beach,480.52,asia,423.86,mirissa,355.91,negombo,326.07,indianocean,325.5,ocean,313.75,kandy,283.6,sea,282.31,travel,270.69,lankan,270.12,hikkaduwa,253.69,indian,232.71,the,232.21,sun,227.05
NIC,nicaragua,1456.02,ometepe,318.55,sanjuandelsur,302.2,centralamerica,271.46,juan,231.96,granada,171.32,san,169.37,sur,161.76,del,148.41,volcano,142.78,managua,122.76,rivas,118.96,beach,103.16,playa,101.42,isla,95.48,isladeometepe,95.12,leon,92.92,america,85.78,volcan,85.61,travel,85.34
HTI,haiti,370.18,haitian,98.28,portauprince,63.72,foursquare:venue=4c2fa977a0ced13a1ef8106e,54.99,labadee,53.05,ha√Øti,40.99,haitiansunset,40.99,caribbean,38.91,montrouis,36.22,pedernales,33.01,jacmel,31.4,mountains,28.5,uploaded:by=instagram,24.92,dominican,24.92,instagramapp,24.49,squareformat,24.33,the,24.17,iphoneography,23.48,square,22.35,portsalut,21.52
SVK,slovakia,849.44,slovensko,315.09,nature,150.48,hungary,134.48,bystrica,133.01,banska,116.58,slnka,108.84,landscape,105.91,europe,98.1,mountains,94.5,sun,89.64,sky,88.93,forest,86.23,tatras,82.01,autumn,79.43,zapad,78.92,summer,78.47,kosice,73.11,zempl√©n,72.71,outdoor,67.67
SLB,solomonislands,144.31,solomon,81.84,honiara,68.63,islands,49.24,westernprovince,36.81,solomons,33.49,pacific,31.5,munda,24.51,melanesia,22.8,pointandshoot,16.9,liapari,16.43,guadalcanal,15.9,adventure,14.5,southpacific,13.98,travel,13.33,world,13.04,tom,12.3,canoe,11.75,western,11.31,province,11.28
UKR,ukraine,2799.58,kiev,1270.57,kyiv,934.5,dnieper,527.29,—É–∫—Ä–∞–∏–Ω–∞,467.54,dnipro,447.19,river,430.34,sky,428.29,nature,422.17,evening,421.71,—É–∫—Ä–∞—ó–Ω–∞,386.76,–∑–∞–∫–∞—Ç,386.4,landscape,362.13,summer,353.12,sun,326.24,copse,321.43,shrub,310.43,grass,302.8,gleam,302.74,tree,296.04
SYC,seychelles,734.36,mahe,441.52,mah√©,202.78,vallon,154.27,turtle,130.93,beau,124.58,diving,122.58,beauvallon,115.39,anse,112.02,island,108.27,cardtrick,103.76,indianocean,103.57,centiped,102.96,beach,101.39,lionfish,100.91,seychellen,98.1,voodoo,96.93,praslin,95.38,fish,93.47,gecko,93.4
JPK,hokkaido,1474.84,japan,764.08,ÂåóÊµ∑ÈÅì,754.91,sapporo,399.23,Êó•Êú¨,337.75,hakodate,221.63,biei,145.9,Êú≠Âπå,141.34,otaru,116.58,niseko,108.05,infob,104.65,snow,100.02,jp,97.21,iso,93.64,hdr,91.53,shiretoko,90.76,ÂáΩÈ§®,90.76,Â§ïÁÑº„Åë,90.73,sky,88.27,saikachi,86.39
RUC,crimea,1012.66,–∫—Ä—ã–º,392.76,ukraine,384.08,blacksea,270.52,sea,193.35,–∑–∞–∫–∞—Ç,151.98,–ø–µ–π–∑–∞–∂,145.71,–º–æ—Ä–µ,137.57,russia,130.05,kazantip,124.62,—á–µ—Ä–Ω–æ–µ–º–æ—Ä–µ,123.11,crimean,108.81,–ø—Ä–∏—Ä–æ–¥–∞,108.24,sevastopol,102.96,nature,102.41,–∞–∑–æ–≤—Å–∫–æ–µ,97.58,–≥–æ—Ä—ã,94.67,koktebel,90.36,—É–∫—Ä–∞–∏–Ω–∞,85.72,landscape,84.55
ETH,ethiopia,772.45,africa,280.1,ethiopian,163.02,etiopia,157.04,ethiopie,152.94,eastafrica,152.21,lalibela,144.69,simien,120.4,amhara,103.76,simienmountains,99.45,ethiopi√´,99.04,hornofafrica,98.23,omo,93.96,√§thiopien,90.36,etiopien,81.59,etiop√≠a,81.21,addis,79.27,eti√≥pia,77.16,—ç—Ñ–∏–æ–ø–∏—è,77.16,„Ç®„ÉÅ„Ç™„Éî„Ç¢,72.71
QAT,qatar,1698.3,doha,1296.22,samagnew,251.83,smashandgrabphotocom,247.97,corniche,241.85,desert,181.5,middleeast,176.89,scan,170.52,coolscan9000ed,158.61,analogue,152.65,nikon,146.58,colorperfect,145.7,nikonscan,139.8,negative,136.45,ŸÇÿ∑ÿ±,132.22,islamic,130.51,the,127.0,qatari,126.95,dohaqatar,125.03,film,120.02
LBY,libya,473.19,tripoli,213.48,libyen,172.95,l√≠bia,170.09,liib√ºa,170.09,ŸÑŸäÿ®Ÿäÿß,169.68,libija,166.02,lƒ´bija,166.02,–ª–∏–±–∏—è,166.02,–ª–∏–≤–∏—è,166.02,‡∏•‡∏¥‡πÄ‡∏ö‡∏µ‡∏¢,166.02,libi√´,161.94,–ª–∏–±–∏—ò–∞,161.94,ŒªŒπŒ≤œçŒ∑,149.62,libia,140.94,libiya,116.17,l√¨b«êy√†,116.17,libja,116.17,l√≠bya,116.17,liviya,116.17
CYM,cayman,998.26,grandcayman,644.27,caymanislands,471.01,grand,351.68,caribbean,282.08,sevenmilebeach,200.68,islands,190.53,mile,178.28,seven,159.41,beach,149.0,ocean,132.88,vacation,90.73,scuba,88.19,ky,87.4,island,82.63,rumpoint,81.59,diving,80.73,the,72.51,georgetown,71.9,caymansunset,64.11
MNE,montenegro,622.54,cavtat,441.08,kotor,380.95,croatia,324.31,adriatic,218.33,crnagora,174.86,dubrovnik,157.69,sea,149.78,boka,130.12,bay,113.47,perast,112.32,adriaticsea,96.1,tivat,81.99,crna,79.65,boat,79.0,balkans,77.19,bokakotorska,73.11,hercegnovi,73.11,kotorska,72.34,gora,69.55
AFG,afghanistan,489.93,mixed,112.47,kabul,105.82,mountains,99.0,men,97.06,children,93.01,kids,90.13,isaf,83.64,military,66.52,old,66.26,afghan,65.52,oef,63.36,tarinkowt,59.57,uruzgan,59.57,nato,57.34,tarinkot,54.99,enduringfreedom,54.99,hindukush,53.61,kowt,50.37,fobripley,50.37
PNX,papua,142.47,guinea,139.96,papuanewguinea,135.29,png,85.69,new,57.11,rabaul,40.62,moresby,29.78,tufi,25.87,kokopo,21.52,papoeanieuwguinea,21.2,papouasienouvelleguin√©e,21.2,eastnewbritain,16.43,ukarumpa,16.43,tufipapuanewguinea,16.43,newireland,16.43,ehp,16.43,papuaneuguinea,16.14,„Éë„Éó„Ç¢„Éã„É•„Éº„ÇÆ„Éã„Ç¢,16.14,‡∏õ‡∏≤‡∏õ‡∏±‡∏ß‡∏ô‡∏¥‡∏ß‡∏Å‡∏¥‡∏ô‡∏µ,16.14,Â∑¥Â∏É‰∫öÊñ∞Âá†ÂÜÖ‰∫ö,16.14
BRN,swiber,21.2,petroleum,16.18,fuel,14.21,offshore,12.88,platform,11.85,shell,11.84,oil,11.63,gasoilandgas,10.95,construction,9.75,oilandgas,9.65,scenery,7.62,brunei,7.34,sea,6.35,gas,6.18,offshoreconstruction,5.78,heavyliftoperation,5.78,magrib_2,5.78,2012raft,5.78,photo_176,5.78,photodanau,5.78
AUA,tasmania,3519.74,australia,1258.21,hobart,946.11,tasmanian,351.08,freycinet,339.77,tassie,338.55,bay,317.4,the,308.03,tas,279.38,mtwellington,269.74,and,261.68,clouds,251.47,from,249.34,beach,240.7,wellington,238.1,over,232.82,rocks,222.8,water,219.66,this,217.41,strahan,214.15
MWI,malawi,499.03,africa,188.16,lakemalawi,182.23,liwonde,77.56,lake,76.66,capemaclear,63.36,ef1635mmf28lusm,59.1,maclear,58.17,lakenyasa,54.99,liwondenationalpark,45.7,lilongwe,45.33,canoneos7d,43.91,cape,42.19,shireriver,40.99,lakemalawisunset,36.22,weather,35.9,shire,32.32,salima,31.4,terrain,30.58,scenery,28.58
BHF,sarajevo,585.78,bosnia,476.55,herzegovina,194.53,bosniaandherzegovina,168.56,bih,105.31,balkans,98.24,bosna,74.35,bosniaherzegovina,72.95,balkan,69.99,plitvice,60.0,city,58.09,bosnaihercegovina,52.55,croatia,52.08,sarajevosunset,49.99,mountain,48.68,landscape,47.83,miljacka,45.7,sun,44.82,and,44.7,nature,42.84
NGA,nigeria,240.24,lagos,79.8,abuja,77.56,africa,59.87,westafrica,53.42,nigerianimages,49.64,nigerianphotos,49.64,hrefhttpfacebookcomirenephoto,45.73,northnigeria,44.99,becker,43.0,hrefhttpirenebeckereu,42.28,nigeriaa,40.62,imagesofnigeria,40.29,irene,37.84,kaduna,36.22,arewa,35.55,jujufilms,34.99,hrefhttpwwwfotoblurcompeopleirene,32.76,relnofollowfotoblura,32.76,ushafa,31.4
PRK,northkorea,180.27,pyongyang,169.68,dprk,168.51,korea,154.16,juche,54.99,north,51.08,taedong,50.37,koryo,50.37,kimilsung,49.32,kimjongil,44.68,asia,40.83,kimjongun,40.29,korean,39.39,communism,37.83,communist,36.99,incheon,36.62,socialist,35.81,socialism,35.1,kim,33.15,hrefhttpinstagramcomreubenteo,32.11
CPV,caboverde,414.22,capeverde,355.48,verde,252.27,boavista,221.27,sal,215.2,capvert,173.73,cabo,164.14,boa,141.96,cape,133.6,capoverde,129.24,saovicente,119.73,africa,109.05,pedradelume,99.45,santoantao,99.45,mindelo,98.65,pontadosol,90.93,salrei,90.76,vista,88.46,santamaria,76.85,island,75.5
FSM,micronesia,79.64,chuuk,68.23,yap,39.45,fsm,30.47,truk,30.22,pohnpei,21.52,truklagoon,16.43,weno,16.43,federatedstatesofmicronesia,16.14,pisar,14.27,odysseyadventures,11.2,quot5298quot,11.2,sunsetfromtheroofofxavierhighschool,11.2,xavierhighschool,11.2,chuuksunset,11.2,scuba,10.58,pacific,9.85,jesuits,9.8,2007,9.78,tropics,9.43
CMR,cameroon,179.19,cameroun,115.77,africa,72.7,kribi,68.63,douala,59.57,camerun,36.22,africacentraleeoccidentale,26.5,limbe,21.52,longji,20.7,ocean,19.69,westafrica,19.08,oceano,18.62,allrightsreservedtuttiidirittiriservati,18.52,hrefhttpfreewheelycom,17.09,relnofollowfreewheelycoma,17.09,jbcyclingafrica,17.01,cyclotourisme,16.57,freewheelycom,16.48,alamy150820,16.43,republicofcameroon,16.43
JAM,jamaica,2866.13,negril,1269.17,caribbean,578.74,jamaican,484.39,montegobay,478.15,montego,393.11,beach,333.28,ocean,289.14,jamaicansunset,283.6,vacation,241.94,bay,234.6,couples,214.43,ochorios,205.41,resort,193.0,sea,181.55,the,174.39,ricks,166.08,sandals,161.23,water,152.96,from,150.54
TJK,tajikistan,51.29,dushanbe,40.29,centralasia,27.29,pamirhighway,26.16,asia,17.5,khujand,16.43,tadjikistan,15.7,pamir,14.54,central,13.8,fanmountains,11.2,fannmountains,11.2,freshproduce,11.2,markettraders,11.2,producemarket,11.2,kulob,11.2,sughd,11.2,alichur,11.2,somoni,11.2,roadjourney,10.95,azjacentralna,10.95
JPS,japan,608.81,kagawa,279.37,shikoku,268.68,Êó•Êú¨,229.56,wakayama,194.15,osaka,156.21,ÂõõÂõΩ,139.44,naoshima,137.6,ÂíåÊ≠åÂ±±,124.73,takamatsu,124.22,Â§ïÊó•,122.95,ehime,122.37,È¶ôÂ∑ùÁúå,116.58,tokushima,116.17,Â§ïÁÑº„Åë,114.15,ÁÄ¨Êà∏ÂÜÖÊµ∑,110.38,sea,101.67,seto,99.59,È¶ôÂ∑ù,99.45,okayama,96.93
ECD,ecuador,1598.24,quito,342.92,southamerica,232.4,atardecer,227.31,manabi,170.5,playa,155.0,guayaquil,143.94,andes,140.4,jungle,134.59,amazon,133.2,sol,120.69,napo,115.77,volcano,115.7,beach,115.5,monta√±ita,111.91,rainforest,110.99,manab√≠,108.05,travel,96.01,cielo,95.69,cotopaxi,95.12
AGO,angola,526.42,luanda,253.27,africa,239.48,pinho,95.21,angolaemfotos,81.99,namibia,81.28,mario,77.47,angolaimagebank,73.11,angolainphotos,73.11,kodiluphotography,73.11,wwwangolaimagebankcom,73.11,hrefhttpwwwangolaimagebankcom,68.63,pordosol,60.1,relnofollowwwwangolaimagebankcoma,54.99,rundu,50.37,do,48.45,sol,47.64,hrefhttpfreewheelycom,46.99,relnofollowfreewheelycoma,46.99,jbcyclingafrica,46.77
PNB,solomonislands,13.53,solomon,8.61,e300,8.38,olympus,8.0,camera,6.57,pacicfic,5.78,southpacicficsunset,5.78,southpacificcorduroysunset,5.78,p4163684,5.78,p4230006,5.78,lofung,5.78,lofungsunset1,5.78,lofungsunset2,5.78,falamai,5.78,islandsfor,5.78,shortlandislands,5.78,mono,5.76,province,5.64,photography,5.61,shortlands,5.6
YEM,yemen,183.11,sanaa,66.58,jemen,64.11,arabia,48.63,ÿßŸÑŸäŸÖŸÜ,45.33,aden,43.22,middleeast,36.6,yemeni,36.22,shibam,36.22,arabiafelix,35.87,‰πüÈó®,31.4,y√©men,30.74,hrefhttpsplusgooglecomluciedebelkova,30.65,relnofollowwwwluciedebelkovacomaall,28.52,paisagem,27.13,sana,26.99,mmall,26.79,exploration,26.77,luciedebelkova,26.69,hrefhttpwwwluciedebelkovacom,26.63
GEG,georgia,620.52,tbilisi,509.25,caucasus,288.18,hrefhttpwwwnickoloztumblrcom,221.44,mydecember,193.49,hrefhttpwwwfacebookcommydecemberphotography,186.18,nikolozjorjikashvili,174.15,hrefhttpwww500pxcommydecember,167.08,blacksea,149.5,sochi,146.96,minoltax700,141.28,hrefhttpwwwbehancenetmydecember,134.28,relnofollowbehancea,130.07,relnofollowtumblra,121.77,sakartvelo,109.69,relnofollowfacebook,108.73,kobuleti,108.05,analog,105.64,pagea,104.77,russia,102.54
SDN,sudan,283.12,khartoum,161.53,nile,80.54,soudan,62.1,africa,62.01,omdurman,50.37,nubian,46.8,sudanese,38.99,pyramids,36.91,khartum,36.22,azani,36.22,nuba,36.22,soudanle,35.87,manaf,35.87,meroe,34.31,africanphotographer,31.4,alsudan,31.4,diaeldinkhalil,31.4,khartoumsudan,31.4,nubianartist,31.4
GNK,malabo,10.76,equatorialguineatreesatsunset,5.78,equatorialguineatreesatsunsetsilhouetteshot,5.78,abeautifulsunsetilluminatingpicobasile,5.78,fernandopo,5.78,fernandopoo,5.78,malabodos,5.78,picobasile,5.78,sunsetinmalabo,5.78,anochecerenlaselvademalabo,5.78,guineaecuatorial,5.78,portclarence,5.6,bioko,5.48,santaisabel,5.48,equatorialguinea,5.38,centralafrica,5.23,basile,5.12,equatorial,4.25,guinea,4.0,africansunset,3.7
UGA,uganda,572.32,africa,215.96,kampala,111.52,nile,105.32,eastafrica,70.54,jinja,65.82,safari,62.0,afrika,54.83,queenelizabethnationalpark,50.37,murchison,49.61,lakevictoria,48.46,national,47.75,sipi,45.33,lake,41.37,rivernile,41.34,park,36.85,oeganda,36.22,the,35.54,falls,34.96,wildlife,34.94
COK,rarotonga,478.85,cookislands,335.28,cook,210.72,islands,128.45,pacific,86.64,beach,79.35,rarotongan,64.11,island,62.68,raro,62.54,paradise,62.17,lagoon,60.89,palm,60.88,southpacific,48.93,tropical,46.94,rarotongasunset,45.7,ocean,45.52,muri,44.06,coconut,43.46,muribeach,40.99,resort,37.66
JPO,okinawa,1913.14,japan,913.22,Ê≤ñÁ∏Ñ,770.79,Êó•Êú¨,385.24,chatan,344.76,ÂåóË∞∑,253.69,Â§ïÊó•,251.9,Â§ïÁÑº„Åë,237.08,beach,210.72,„Éì„Éº„ÉÅ,207.91,ocean,196.86,Êµ∑,182.17,Â§ïÈôΩ,177.69,ishigaki,170.5,island,166.68,araha,158.26,Ê≤ñÁπ©,154.15,sea,141.61,Ê≤ñÁ∏ÑÁúå,141.34,sunsetinchatan,133.43
SRS,serbia,319.01,srbija,195.63,zlatibor,114.67,zalazak,73.2,kosovo,62.08,prishtina,49.32,nature,49.11,priroda,46.93,mountain,44.12,nikon,42.98,pejza≈æ,41.64,balkan,40.52,sunca,39.67,sky,38.58,kosova,38.05,naturesoul,38.05,katarina2353,37.48,katarinastefanovic,37.48,caffe,35.99,clouds,35.4
BWA,botswana,1285.77,africa,622.21,okavango,616.24,delta,407.99,okavangodelta,392.33,safari,349.45,moremi,177.38,chobe,158.85,african,142.5,southernafrica,137.79,wildlife,133.2,kalahari,130.36,afrika,125.79,game,125.44,savuti,120.01,camp,112.47,namibia,108.38,mokoro,101.88,botsuana,101.54,reserve,99.83
ZWE,zimbabwe,428.44,africa,171.05,kariba,148.07,hwange,123.47,zambezi,75.16,lakekariba,72.34,safari,64.82,zambia,63.61,african,62.34,botswana,62.32,manapools,58.17,motherofpeace,54.99,mashatu,54.6,hwangenationalpark,54.25,elephants,50.49,elephant,49.77,national,49.59,lake,41.37,harare,40.99,zwe,40.29
TLX,dili,132.61,timor,131.61,timorleste,111.14,easttimor,89.61,leste,67.63,d√≠li,36.22,east,29.08,dilisunset,21.52,atauro,21.2,areia,20.28,p√¥rdosol,20.22,branca,17.09,osttimor,16.43,dilitimorleste,16.14,asia,15.55,crep√∫sculovespertino,15.0,beach,14.99,praia,14.19,sekitar,12.76,oc√†s,12.33
SOL,djibouti,67.47,somaliland,50.37,somalia,37.73,somali,34.52,hornofafrica,31.26,zeila,26.5,africa,25.66,adal,21.52,somalie,21.52,berbera,21.2,aragteento,16.43,awdal,16.43,basaasow,16.43,borama,16.43,hadraawiindhihii,16.43,lughaya,16.43,nbfh,16.43,postcivil,16.43,rarelyit,16.43,britishsomaliland,16.43
MNG,mongolia,948.98,gobi,290.76,mongolian,155.6,ger,138.22,ulaanbaatar,111.91,desert,108.48,asia,103.05,ngc,101.1,nikondf,87.97,mongolie,77.16,season,76.27,mongolei,72.71,steppe,67.86,camp,65.39,steppes,60.0,gobidesert,58.17,ulan,53.32,clouds,52.36,travel,52.01,time,51.67
BGR,bulgaria,763.5,sofia,289.87,–±—ä–ª–≥–∞—Ä–∏—è,199.53,–∑–∞–ª–µ–∑,124.26,plovdiv,99.04,—Å–æ—Ñ–∏—è,94.71,blacksea,92.55,varna,86.39,nessebar,81.59,vitosha,77.16,mountain,71.5,kosharitsa,64.11,blackseacoast,63.02,clouds,61.21,sky,60.16,2pokojowemieszkanie,59.57,bulgariaholidayapartments,59.57,sunnybeachholidayapartments,59.57,sunsetkosharitsa,59.57,mayaeye,57.32
SYR,syria,605.07,palmyra,243.88,israel,228.4,damascus,181.23,ÿ≥Ÿàÿ±Ÿäÿß,164.24,lebanon,121.46,aleppo,102.23,middleeast,97.59,syrian,84.24,siria,79.86,syrie,78.21,syrien,77.97,tartous,76.79,golan,68.01,ruins,66.02,the,63.98,tadmor,63.72,ÿ∑ÿ±ÿ∑Ÿàÿ≥,59.57,ÿ≥Ÿàÿ±Ÿäÿ©,57.59,mosque,55.22
BFA,burkina,103.35,burkinafaso,96.62,faso,76.79,africa,49.18,ouagadougou,40.99,afrique,32.12,banfora,16.43,sahel,14.09,fadangourma,11.2,ngourma,11.2,afriquecentreouest,11.2,hautevolta,11.2,paysdeshommesint√®gres,11.2,hrefhttpswwwfacebookcomchrisairphotographie,10.76,likez,10.76,relnofollowwwwfacebookcomchrisairphotographiea,10.76,rikyprof,10.07,bfa,9.8,fada,9.75,bobo,9.17
HND,honduras,794.14,roatan,506.55,utila,190.27,centralamerica,171.28,bayislands,120.81,caribbean,106.99,west,76.94,island,75.5,bay,67.47,ocean,65.21,westend,63.84,beach,54.66,end,53.84,tropical,51.64,diving,50.83,roatanhonduras,50.37,sea,47.2,roat√°n,45.7,roatn,45.7,the,44.55
ARM,armenia,272.92,yerevan,247.77,ararat,68.39,’∞’°’µ’°’Ω’ø’°’∂,68.23,armenie,67.87,armenian,66.82,’¥’°’µ÷Ä’°’¥’∏÷Ç’ø,54.71,caucasia,54.6,erevan,50.37,armenien,45.33,hayasdan,45.33,melikyan,42.99,cloudes,42.03,sevan,42.03,hayastan,36.22,’•÷Ä’•÷Ç’°’∂,31.4,thanks,29.75,mountain,27.38,for,26.91,armeno,26.5
GLP,guadeloupe,776.07,gwada,282.45,antilles,281.38,caribbean,233.44,caraibes,232.89,frenchwestindies,201.83,deshaies,194.69,indies,188.1,fwi,174.67,971,171.83,coucherdesoleil,155.1,plage,154.18,basseterre,153.54,antillas,152.4,westindies,150.78,karukera,148.82,soleil,148.01,karuk√©ra,145.09,french,143.41,f284,143.39
NCL,newcaledonia,714.26,nouvellecal√©donie,561.05,noumea,429.45,noum√©a,377.22,caledonia,279.98,nouvellecaledonie,242.04,soleil,161.47,baie,140.14,nouvelle,117.16,nouma,116.17,new,114.21,pacifique,103.02,vata,102.96,christopheroberthervouet,102.23,coucher,101.59,mer,98.77,cal√©donie,94.71,d5300,91.93,coucherdesoleil,91.56,anse,87.51
BOL,bolivia,1206.57,uyuni,545.06,salar,403.95,southamerica,314.26,salardeuyuni,264.02,altiplano,218.83,salt,180.14,andes,172.31,bolivie,163.67,bolivian,145.71,lapaz,139.76,peru,130.85,paz,126.21,sucre,110.46,amazon,100.71,illimani,99.45,desert,98.05,travel,94.68,landscape,93.95,potosi,93.77
INA,andaman,336.2,havelock,221.27,india,166.98,andamanislands,133.43,radhanagar,116.58,nicobar,99.75,portblair,95.12,havelockisland,95.12,island,92.6,islands,85.63,andamans,71.65,beach,63.48,blair,56.19,radhanagarbeach,54.99,andamannicobarislands,50.37,neilisland,50.37,andamansea,41.07,andamanandnicobarislands,40.99,neil,40.08,sea,39.94
BLZ,belize,863.11,caye,365.33,caulker,261.0,cayecaulker,245.93,centralamerica,142.19,caribbean,133.74,sanpedro,77.35,pedro,65.53,ambergriscaye,64.11,ocean,62.75,sea,62.63,island,61.26,water,60.47,travel,60.01,chetumal,59.57,placencia,59.57,boat,51.2,ambergris,49.64,the,49.28,tropical,46.94
COG,congo,73.64,pointenoire,38.99,africa,27.8,congobrazzaville,21.2,hrefhttpfreewheelycom,17.09,relnofollowfreewheelycoma,17.09,jbcyclingafrica,17.01,freewheelycom,16.48,kongo,16.43,–∫–æ–Ω–≥–æ,16.43,„Ç≥„É≥„Ç¥,16.43,ÿßŸÑŸÉŸàŸÜÿ∫Ÿà,16.43,ÏΩ©Í≥†,16.43,ÂàöÊûú,16.43,ÂâõÊûú,16.43,ÂâõÊûúÂÖ±ÂíåÂúã,16.43,ÈùûÊ¥≤ÂâõÊûú,16.43,brazzaville,15.9,Œ±œÜœÅŒπŒ∫ŒÆ,15.9,beautifulblack,15.9
ECG,galapagos,1014.23,ecuador,669.11,galapagosislands,345.59,islands,207.66,isabela,161.82,island,158.13,gal√°pagos,149.22,ayora,120.4,southamerica,116.2,cruz,97.46,ocean,91.05,sancristobal,90.61,galpagos,89.26,puerto,87.82,santa,85.05,puertoayora,81.99,galapagossunset,77.16,boat,74.61,iguana,69.4,isla,68.96
SUR,suriname,144.69,paramaribo,68.23,surinam,39.99,guyane,34.17,commewijne,21.52,awalayalimapo,21.52,southamerica,21.13,maroni,20.31,nickerie,16.43,galibi,16.43,awala,16.43,yalimapo,16.43,river,15.32,guiana,15.11,sr,13.04,zonsondergang,11.94,couhe,11.2,hrefhttpstwittercomimazone,11.2,hrefhttpwwwfacebookcomzimazone,11.2,hrefwwwimazonenet,11.2
KOJ,jeju,356.33,jejudo,206.65,korea,194.88,southkorea,149.23,jejuisland,111.91,Ï†úÏ£ºÎèÑ,99.45,Ï†úÏ£º,81.99,island,72.65,cheju,59.57,seogwipo,54.99,asia,42.77,south,40.18,seongsan,39.99,sea,39.94,ÎåÄÌïúÎØºÍµ≠,39.47,hallasan,31.4,jejusi,31.4,ÊøüÂ∑û,31.4,ilchulbong,26.5,ÌïúÍµ≠,25.65
KGZ,kyrgyzstan,226.05,centralasia,105.27,yurt,72.62,asia,68.05,silkroad,61.5,karakol,58.17,issykkul,58.17,naryn,54.25,kul,51.48,kirgistan,49.99,song,45.62,mountains,45.0,arslanbob,44.99,arashan,44.99,k√∂l,44.39,altyn,44.12,bichkek,40.29,caravanserail,40.29,kazarman,40.29,kotchkor,40.29
FLK,falklandislands,139.8,falklands,121.76,falkland,118.23,stanley,61.01,islands,40.67,malvinas,29.24,southatlantic,24.0,penguins,23.46,over,17.2,westfalkland,16.43,penguin,15.74,mpa,15.11,pleasant,11.85,volunteer,11.65,port,11.56,picnik,11.35,eastfalkland,11.2,berthas,11.2,guerradelasmalvinas,11.2,guerradelatl√°nticosur,11.2
MTQ,martinique,868.51,caribbean,255.33,soleil,156.42,antilles,156.32,anse,143.52,madinina,131.13,coucherdesoleil,113.99,schoelcher,107.64,mer,107.01,caraibes,106.9,coucher,101.59,france,99.06,plage,96.08,westindies,95.95,ciel,93.55,nuage,90.03,sea,84.42,cara√Øbes,81.7,diamant,80.76,frenchwestindies,78.26
MLI,mali,407.01,niger,188.37,africa,156.09,mopti,129.24,bamako,85.24,westafrica,80.13,segou,67.87,afrique,64.23,pirogue,58.08,nigerriver,57.59,river,57.46,bani,52.87,pinasse,48.23,bamakosunsets,40.99,timbuktu,39.99,boat,35.11,sahel,32.88,tombouctou,31.05,dogon,30.47,bozo,28.8
FRO,faroe,795.69,faroeislands,761.21,f√∏royar,536.01,islands,411.03,f√¶r√∏erne,348.05,faroese,197.45,vi√∞arei√∞i,190.69,faroes,178.19,streymoy,162.35,ocean,143.95,sea,131.62,island,129.64,atlantic,125.84,eysturoy,125.03,fo,121.45,s√≥lsetur,121.32,village,119.73,mountain,103.45,vi√∞oy,99.45,maritagulklett,95.12
KAZ,kazakhstan,823.4,–∫–∞–∑–∞—Ö—Å—Ç–∞–Ω,290.0,astana,276.62,almaty,272.12,centralasia,159.86,atyrau,133.43,–∫–∞–∑–∞–∫—Å—Ç–∞–Ω,116.58,aktau,116.58,city,95.16,hrefhttpswwwfacebookcomartphotoru,90.94,–∞—Ç—ã—Ä–∞—É,90.76,actana,90.76,artyommirniy,90.51,–∞—Å—Ç–∞–Ω–∞,89.61,caspian,89.16,eurasia,88.26,hrefhttpswwwinstagramcomartyom_mirniy,86.71,artyom,85.91,hrefhttps500pxcomrtyom,82.83,mirniy,78.27
GRL,greenland,885.63,icebergs,355.22,arctic,329.01,qaqortoq,275.14,ilulissat,249.81,iceberg,227.67,ice,221.29,southgreenland,176.99,oceans,173.43,harbors,166.28,inuit,154.54,worldslargestisland,152.56,arcticliving,152.18,annueals,148.44,fibercrafts,148.44,groundcovers,148.44,vallleys,148.44,crocheting,148.07,perrenials,148.07,countries,146.65
CCK,cocos,31.41,keeling,30.74,cocosisland,25.18,cocoskeelingislands,16.14,topside,14.27,cocoskeelingsunset,11.2,westislandcocoskeelingislandsindianoceanaustralia,11.2,islands,10.7,island,9.97,indian,7.84,palmtrees,7.68,west,6.69,australia,6.64,sunsets,6.13,indianocean,5.92,directionisland,5.78,westislandsunset2,5.78,cocoskeeling1of1,5.78,keelin,5.78,prisonislandcocoskeelinislands,5.78
RWA,rwanda,136.3,africa,81.25,kigali,71.65,kivu,55.96,uganda,49.27,bunyonyi,40.99,eastafrica,33.41,bukavu,31.4,genocide,29.41,congo,28.64,lake,27.99,drc,26.79,african,26.72,bunyoni,26.5,countrysidehowever,26.5,gasabo,26.5,gasabodistrict,26.5,kacyiru,26.5,rwandanshowever,26.5,rwandan,26.16
NFK,norfolkisland,103.35,norfolk,55.75,island,27.07,norfolkislandsunset,21.52,kingston,17.09,emily,14.63,norfolkpine,14.09,pines,12.22,phillipisland,12.0,jacobsrock,11.2,emilybay,11.2,norfolkislandpines,10.35,puppys,10.25,bexploreb,9.43,southpacificocean,9.04,december,8.75,pine,7.96,pinetree,7.2,pacificocean,6.86,horizon,6.77
IRQ,iraq,619.93,kurdistan,404.03,erbil,362.56,hawler,306.62,kurd,297.97,arbil,287.7,slemani,272.45,iraqi,193.15,baghdad,175.16,daban,167.41,ameen,166.08,dabo,165.44,dabos,158.95,he,148.45,duhok,145.49,irbil,137.19,photography,131.79,creativity,127.72,kurdish,124.73,kurds,123.84
VUT,vanuatu,413.78,portvila,141.34,efate,116.17,tanna,107.64,vila,98.66,island,66.96,resort,56.49,port,53.97,yasur,50.37,pacific,49.23,southpacific,48.93,volcano,36.93,iririki,36.22,newhebrides,36.22,vanuatusunset,36.22,espiritusanto,35.55,melanesia,31.92,luganville,31.4,tropical,30.51,ocean,28.3
GUM,guam,1100.85,tumon,222.46,seascapes,147.64,sunsets,145.54,tumonbay,120.81,landscapes,118.15,beach,95.22,ocean,94.74,agana,85.99,flickraward,84.97,mygearandme,81.33,flickraward5,78.67,jamesclark,73.11,usa,69.67,guamsunset,68.63,tamuning,68.63,micronesia,67.06,asan,66.3,island,65.53,mygearandmepremium,63.59
GAB,gabon,127.3,libreville,54.6,africa,49.18,hrefhttpfreewheelycom,21.36,relnofollowfreewheelycoma,21.36,jbcyclingafrica,21.26,cyclotourisme,20.72,freewheelycom,20.59,lope,19.73,cycletouring,19.67,v√©lo,19.63,velo,18.98,deserts,18.83,librevilleestuary,16.43,afrique,16.06,westafrica,15.26,cycling,14.89,cape,14.06,bicycle,13.47,savannah,13.28
AZE,azerbaijan,192.55,baku,164.45,caucasus,55.27,caspian,46.7,baki,44.39,–∞–∑–µ—Ä–±–∞–π–¥–∂–∞–Ω,31.4,az…ôrbaycan,31.05,azerbaycan,26.16,–∫–∞–≤–∫–∞–∑,19.39,city,18.54,–±–∞–∫—É,16.43,flametowers,16.43,bakusunset,16.43,caspiansea,13.4,–∑–∞–∫–∞—Ç,12.88,mountains,12.0,–≥–æ—Ä—ã,11.83,azeri,11.2,aliyev,11.2,heydar,11.2
TKM,turkmenistan,90.93,uzbekistan,47.41,centralasia,42.89,khiva,35.4,silkroad,28.7,karakum,25.39,darvaza,21.52,karakumdesert,21.2,doortohell,21.2,derweze,16.43,nukus,16.43,ouzbekistan,15.52,silk,13.79,caspiansea,13.4,aes,13.11,kala,12.8,caspian,12.74,desert,12.52,crater,12.42,turkmenistana,11.2
MRT,mauritania,88.6,mauritanie,73.11,sahara,45.41,africa,42.76,nouakchott,40.99,desert,31.29,afrique,25.69,chinguetti,21.52,mauretanien,16.43,adrar,16.14,voyage,15.96,d√©sert,15.63,ouarane,11.2,ergouarane,11.2,ŸÖŸàÿ±Ÿäÿ™ÿßŸÜŸäÿß,11.2,mauretania,10.6,soleil,10.09,dunes,9.75,camel,9.46,coucher,9.41
GMB,gambia,238.08,thegambia,138.42,africa,72.7,gambian,40.29,beach,35.27,banjul,34.99,westafrica,34.34,kotu,31.4,gambiansunset,31.4,tanji,26.5,bijilo,21.52,ocean,20.92,sea,19.97,q42011,18.79,africansunset,18.51,brufut,16.43,sunsetinthegambia,16.43,gambiasunset,16.43,gunjur,16.43,kololi,16.43
MNP,saipan,482.13,cnmi,256.31,marianas,185.21,saipansunsets,170.09,northernmarianaislands,145.9,sunsetphotos,109.09,mariana,80.54,saipansunset,77.56,lowlightphotography,77.42,orangeskies,74.03,tropical,72.76,micronesia,71.26,philippinesea,69.23,tropics,69.13,ontheraks,68.63,sunsetimages,65.31,saipanbeaches,64.11,tinian,59.57,cnmisunsets,59.57,silhoutte,56.43
SDS,sudan,32.36,southsudan,26.5,nile,21.68,malakal,16.14,uganda,11.37,centralequitoria,11.2,centralequitoriastate,11.2,republicofsouthsudan,11.2,southsudanese,11.2,torit,11.2,juba,10.47,unhcr,10.25,eastafrican,10.16,atar,9.8,sudanese,9.75,kenya,9.38,refugee,9.07,nilesunset,8.53,south,8.37,rivernile,8.27
MDA,moldova,123.12,chisinau,73.11,tiraspol,26.5,aneniinoi,21.52,sunactinonautomc28mmf28,21.52,dniester,20.93,canon,20.46,canoneos40d,18.26,colonita,16.43,geamana,16.43,sunactinon,16.43,sun,13.23,nikon,12.12,canoneos5dmarkiii,11.59,nature,11.49,nistru,11.2,apocalips,11.2,soon2012the,11.2,transnistria,11.2,—Ç–∏—Ä–∞—Å–ø–æ–ª—å,11.2
MKD,skopje,257.14,macedonia,251.21,makedonija,76.09,—Å–∫–æ–ø—ò–µ,64.11,prespa,63.02,resen,54.99,–º–∞–∫–µ–¥–æ–Ω–∏—ò–∞,53.3,bogoevski,40.99,hrefhttprx4460tumblrcom,40.99,hrefhttpswwwfacebookcombogoevskiphotos,40.99,hrefhttpswwwflickrcompeopleweddingportraitswedding,40.99,hrefhttpswwwinstagramcomnenadbogoevski,40.99,hrefhttpwwwflickrcompeoplenenad_bogoevski_3d,40.99,photosabba,40.99,portfoliosba,40.99,renderingsab,40.99,pageabmy,38.39,vardar,36.22,hrefhttpwwwflickrcompeoplenbogoevski_carscar,36.22,vodno,36.22
NER,niger,79.53,niamey,54.99,westafrica,38.16,afriquedelouest,36.92,africa,36.35,afrique,32.12,ÈùûÊ¥≤,27.61,ÿ£ŸÅÿ±ŸäŸÇŸäÿß,27.2,ner,24.63,nigerriver,24.0,westafrika,23.0,ne,22.57,janvier,21.61,ÿßŸÑŸÜŸäÿ¨ÿ±,21.52,Â∞ºÊó•Â∞î,21.52,fleuve,21.34,fleuveniger,20.93,afrika,16.13,cr√©puscule,15.58,nikond3s,15.5
RUK,baltic,70.5,balticsea,64.33,–±–∞–ª—Ç–∏–π—Å–∫–æ–µ–º–æ—Ä–µ,47.16,russia,40.02,–∑–∞–∫–∞—Ç,38.64,cranz,36.22,zelenogradsk,36.22,svetlogorsk,35.87,kaliningradskayaoblast,35.87,kaliningrad,32.31,—Ä–æ—Å—Å–∏—è,30.99,kaliningradskaya,30.74,sea,28.14,–∑–µ–ª–µ–Ω–æ–≥—Ä–∞–¥—Å–∫,26.5,oblast,25.43,–±–∞–ª—Ç–∏–∫–∞,25.39,mazury,24.49,rauschen,23.32,–ø–µ–π–∑–∞–∂,23.18,–≤–æ–¥–∞,21.97
CIV,c√¥tedivoire,49.99,c√¥ted‚Äôivoirela,36.22,ivorycoast,35.26,divoire,30.22,ivory,29.67,sudcomo√©,26.5,assinie,25.87,abidjan,25.87,africa,25.66,assiniecoucherdesoleil,21.52,cotedivoire,21.2,civ,19.86,coucher,18.81,soleil,16.82,plage,15.64,personnes,11.64,westafrica,11.45,basiliquedenotredamedelapaix,11.2,yamoussoukro,10.95,cte,10.62
GHA,ghana,478.06,africa,192.44,accra,136.02,westafrica,76.31,ghanaian,63.72,paulinuk99999,62.16,beach,60.84,westafrika,50.61,capecoast,49.64,coast,49.04,african,47.5,afriquedelouest,46.16,gulfofguinea,45.7,ocean,43.06,afrika,41.93,afrique,41.75,gh,41.41,labadi,40.99,togo,37.44,golfvonguinea,36.22
TTG,tobago,482.08,caribbean,153.2,castara,90.36,trinidad,72.42,trinidadtobago,62.97,trinidadandtobago,61.93,westindies,61.68,pigeonpoint,53.45,bay,47.53,tobagosunset,45.33,beach,40.56,¬©rjjphotography,39.45,pigeon,38.51,point,36.83,island,31.34,tt,29.72,tropical,28.16,sea,28.14,hanger,28.09,charlotteville,26.5
BEN,benin,84.24,cotonou,50.37,africa,34.21,ouidah,21.52,b√©nin,21.2,abomey,16.43,westafrica,15.26,african,14.84,afrique,12.85,babs,11.2,houndodji,11.2,ouidahbenin,11.2,lagune,11.06,calebficner,10.76,suggestions,10.49,brunoportier,10.35,portier,10.16,hrefhttpfiveprimeorgblackmagic,9.37,hrefhttpfreewheelycom,8.54,relnofollowfreewheelycoma,8.54
MYT,mayotte,107.64,comores,24.66,indianocean,23.67,indian,23.53,mamoudzou,16.43,plage,15.64,terre,15.49,mer,14.4,iilee,14.4,soleil,13.46,afrique,12.85,grande,12.43,mayotteindianocean,11.2,petiteterre,11.2,sunsetmayotteindianocean,11.2,acoua,11.2,mzouazia,11.2,ocean,11.07,indien,10.47,sylvainpons,10.25
UZB,uzbekistan,434.6,bukhara,186.67,khiva,159.29,centralasia,132.57,silkroad,123.01,samarkand,98.65,tashkent,89.61,uzbek,81.99,minaret,74.88,islam,66.51,asia,66.11,mosque,63.11,registan,54.99,buxoro,50.37,—É–∑–±–µ–∫–∏—Å—Ç–∞–Ω,50.37,usbekistan,45.33,madrasah,43.86,ouzb√©kistan,40.99,kalon,40.99,unesco,39.08
KOS,kosovo,79.82,prizren,45.33,kosova,33.29,balkan,22.1,shar,20.31,gjakova,16.43,ljuboten,16.43,sharplanina,16.43,macedonia,16.31,shara,14.8,balkans,14.03,planina,13.53,makedonija,13.43,cossovo,11.2,kossovo,11.2,–∫–æ—Å–æ–≤–æ,11.2,tetova,11.2,sharrit,11.2,metohija,10.95,kosov√´,10.95
LBR,liberia,81.84,monrovia,61.83,umar36,44.99,pakistani,34.02,sonyalphadslra200,25.87,elph300hs,24.66,africa,21.38,atlantic,17.66,geotagged,16.53,westafrica,15.26,picnik,14.19,travel,12.0,framed,11.6,explored,10.48,nature,8.36,this,7.8,golden,7.79,yellow,7.73,orange,7.58,watcher,7.57
SPM,miquelon,21.52,saintpierreetmiquelon,21.52,ameÃÅriquedunorddomtom,11.2,ansebrossard,11.2,cedriccottaz,11.2,monochromes,10.35,pierre,9.56,coucherdesoleil,7.47,noiretblanc,6.38,collectivit√©doutremerdesaintpierreetmiquelon,5.78,overseascollectivityofsaintpierreandmiquelon,5.78,stpierreandmiquelon,5.78,sunsetenroutetostpierreandmiquelon,5.78,silhouettedunpetitinconnuausoleilcouchant,5.78,soleilcouchant√†langlade,5.78,saintpierreetmiquelonlesmonochromesao√ªt2011,5.78,frecker,5.78,l√©tangfrecker√†saintpierreetmiquelon,5.78,saintpierreetmiquelonmonochromes,5.78,langlade,5.48
GUF,guyane,230.68,kourou,120.4,soleil,65.6,frenchguiana,63.02,cayenne,47.36,ciel,46.77,coucher,43.27,sur,39.92,nuages,34.31,guyanefran√ßaise,31.4,hrefhttpwwwfacebookcomerickloitiereimages,31.4,loitiere,31.4,ricoliki,31.4,paysage,31.23,guiana,30.22,erick,28.66,french,27.2,amazonie,26.67,97300,26.5,erickloitiere,26.5
VCT,grenadines,120.61,bequia,89.61,caribbean,77.81,stvincent,69.95,vincent,66.66,mustique,44.68,stvincentandthegrenadines,40.62,saintvincentandthegrenadines,39.45,kingstown,33.29,sailing,31.37,westindies,27.41,saint,25.03,bay,24.53,bequiasunset,21.52,svg,19.73,saintvincent,18.94,boats,17.95,sea,17.25,the,17.06,elizabeth,16.56
CXR,christmasisland,68.23,christmas,34.45,island,25.64,indianocean,20.71,sunsetoverchristmasislandaug2009,16.43,ocean,15.99,indian,15.69,hrefhttpinstagramcomaxhaaaa,13.6,australia,13.28,hrefhttpwwwfacebookcomzaheristan,13.19,zaher,13.06,hadi,12.4,tropical,11.74,imagesab,11.46,flyingfishcove,11.2,relnofollowinstagramab,11.01,3milesfromtexas,10.47,tonymockeridge,10.47,settlement,10.02,photoartist,10.0
SLE,sierraleone,166.02,freetown,103.46,leone,83.6,sierra,61.4,westafrica,57.23,africa,51.32,westernarea,31.4,lumley,29.59,salone,29.59,westafrika,27.61,fullycopyrighted,26.5,lumleybeach,26.5,httpwwwadamcohncom,25.39,peninsula,25.23,sl,25.18,afriquedelouest,23.08,adamcohn,22.73,sierraleonewestafricaafrikawestafrikapeninsula,21.52,sunsetsonnenunterganglumleybeachfreetownwestafrica,21.52,atlantischerozean,21.01
GNB,bissau,66.88,guineabissau,39.71,guinee,39.71,westafrica,38.16,guineebissau,36.22,bafata,36.22,africa,32.07,guin√©e,30.22,guinea,27.99,gebariver,26.5,geba,26.16,afrique,16.06,africaoccidentale,15.9,buba,15.23,bracciodimare,11.2,seabranch,11.2,riu,10.79,guin√®bissau,10.76,marea,10.29,√°frica,8.09
MHL,marshallislands,61.56,majuro,53.92,atoll,21.23,marshall,10.61,eneko,10.35,sailboat,9.7,paradise,9.21,pacific,7.88,laura,7.03,southpacific,6.99,palm,6.52,islands,6.42,beach,6.17,united737800inmajuromarshallislands,5.78,ajeltake,5.78,enekoisland,5.78,enekoislandsunset,5.78,imageasunset,5.78,majuroatoll,5.78,ascenicworld,5.78
IOD,garcia,27.25,biot,25.18,diegogarcia,21.52,diego,19.95,indian,13.07,britishindianoceanterritory,11.2,chagos,10.47,indianocean,8.88,tropical,7.04,territory,6.24,ocean,6.15,5dmkii,5.92,cannon,5.86,diegogarciasunset2,5.78,112_1255,5.78,diegogarciaindianocean,5.78,diegogarciasunset,5.78,atollfor,5.78,justtryingtoexploretheisland,5.78,towardsunsetblvd,5.78
TZZ,pemba,56.37,tanzania,27.47,pembaisland,26.5,zanzibar,26.23,africa,21.38,430rs,15.7,indianocean,14.8,luxuriant,14.62,competitors,14.15,ralphraynerphoto,14.04,spectacularshots,14.04,landscapeandsky,13.76,landscapewithsky,13.76,tanzanie,13.33,ralphrayner,13.14,immaculate,13.11,rmrayner,13.01,theworld,12.9,oceanindien,12.86,kenya,12.51
KNA,kitts,162.02,stkitts,157.04,caribbean,119.15,nevis,119.02,statia,77.16,steustatius,45.7,basseterre,38.39,saba,37.53,scubadiving,35.8,cruise,31.01,stmaarten,29.88,westindies,27.41,island,27.07,saintkittsandnevis,26.5,stkittsandnevis,26.5,caribbeanocean,24.11,beach,22.92,saintkitts,21.52,sinteustatius,21.52,ocean,20.92
GIN,conakry,58.49,guinea,55.98,westafrica,30.52,africa,27.8,pyngodan,26.16,guin√©e,20.15,conakryguinea,16.43,conkaryguinea,16.43,guineaconakry,16.43,guin√©econakry,16.43,laguinee,16.43,guinee,14.89,liberia,13.64,simandou,11.2,yekepa,11.2,cacine,11.2,atlantic,11.04,guin√®,10.95,guin√®bissau,10.76,africaoccidentale,10.6
TON,tonga,168.59,vavau,101.54,tongatapu,96.93,kingdomoftonga,88.29,nukualofa,80.85,pangaimotu,76.43,backyardcricket,71.99,churchesaroundtheworld,71.99,churchesintonga,71.99,coralreefs,71.99,desertislands,71.99,fangatavecaves,71.99,interislandferries,71.99,mormonchurches,71.99,palangi,71.99,puppydogs,71.99,tongachurches,71.99,tonganchurches,71.99,tropicaldestinations,71.99,tropicallocations,71.99
NSV,svalbard,337.36,spitsbergen,220.82,longyearbyen,153.74,arctic,124.49,norway,108.87,polar,64.76,ice,49.84,spitzbergen,44.68,snow,40.33,isfjorden,35.26,artic,32.02,spitzberg,30.74,fjord,30.53,norge,30.28,north,28.95,archipelago,27.18,noruega,23.59,midnight,23.13,circle,22.91,glacier,22.47
GUY,guyana,195.89,essequibo,77.16,apnu,68.63,giftland,68.63,guyanasouthamerica,68.63,makouria,68.63,malala,68.63,parika,68.63,soesdyke,68.63,chota,68.23,toothpaste,67.52,sorrell,67.19,toothbrush,66.58,sideline,65.52,afc,64.62,speedboats,64.62,workmen,64.21,sandbags,64.02,chow,63.3,prawns,61.95
PLW,palau,184.03,koror,45.7,micronesia,37.72,palausunset,25.62,pacific,21.66,palaupacificresort,16.43,Â∏õÁêâ,16.43,republicofpalau,16.43,sunsetinpalau,16.14,resort,14.12,island,12.82,jellyfish,11.78,meyungs,11.2,„Éë„É©„Ç™,11.2,palauroyalresort,11.2,Ê∞¥‰∏äÂ§©Â†Ç,11.2,Ê¥õÂÖãÁæ§Â≥∂,11.2,ÊµÆÊΩõ,11.2,Ê∏°ÂÅáÊùë,11.2,ËÄÅÁà∫Â§ßÈ£ØÂ∫ó,11.2
TCD,tchad,50.37,chad,34.64,zakouma,21.52,ndjamena,21.52,geoafrica,18.79,melivora,16.43,melivoracapensis,16.43,capensis,15.9,ratels,15.7,ratel,15.23,africa,14.97,badgers,13.89,driest,13.4,nationalparks,13.17,badger,12.46,absent,12.37,libya,11.73,distribution,11.33,drives,11.32,safari,11.27
COM,comoros,35.55,comores,34.52,moroni,19.5,moheli,16.43,grandecomore,11.2,comore,11.2,africa,10.69,oceanindien,8.57,grande,7.46,fimdedianabelapraiademitsamiouli,5.78,mitsamiouli,5.78,sunsetinmitsamioulicomoros,5.78,3325x1754,5.78,alkomorcom,5.78,goldensunsetswithgreenlights3325x1754,5.78,comorosharborbay,5.78,southernoceans,5.78,ÿ¨ÿ≤ÿ±ÿßŸÑŸÇŸÖÿ±,5.78,ŸÇŸÖÿ±ÿßŸÑŸÉÿ®ÿ±Ÿâ,5.78,ŸÖŸàÿ±ŸàŸÜŸä,5.78
SWZ,swaziland,57.16,mlilwane,21.2,africa,17.11,swazi,15.52,ipad2,13.64,645pro,13.33,mlilwanewildlifesanctuary,10.95,sz,10.47,ipad,9.41,bushveld,8.83,bush,8.29,pro,7.27,sunrays,7.24,craft,7.01,wildlife,6.55,sanctuary,6.44,sunshine,6.01,20150425dsc03849,5.78,reillysrock,5.78,malkerns,5.78
TGO,togo,23.4,africa,10.69,benin,9.36,ptassembler,8.85,westafrica,7.63,afrique,6.42,17h42,5.78,aubergetiyita214201317h42,5.78,bat√£mmariba,5.78,karit√©,5.78,karit√©s,5.78,ot√£mmari,5.78,sheatree,5.78,sombas,5.78,tamberma,5.78,tambermas,5.78,tiyita,5.78,warengo,5.78,17h38,5.78,dapaong,5.78
BTN,bhutan,116.1,himalayas,34.12,thimphu,26.16,himalaya,24.11,paro,24.11,sikkim,17.59,eastsikkim,16.43,butan,16.43,punakha,16.43,dzong,16.43,buddhism,15.85,isaacsachs,15.37,rice,15.11,travel,14.67,asia,13.61,buddhist,12.82,mountains,12.0,hills,11.62,kanglung,11.2,sherubtse,11.2
NZC,moriori,21.52,rekohu,21.52,whalersandsealers,21.52,wharekauri,21.52,missionaries,18.65,chathamislands,16.43,maori,15.77,tribe,14.83,chatham,14.79,colonial,13.47,eriagn,12.59,historical,10.84,zealand,10.01,waitangi,9.51,history,9.28,remote,8.72,ngairehart,8.52,ngairelawson,8.48,kelp,7.78,pacificocean,6.86
BAC,ascension,24.95,ascensionisland,21.52,georgetown,6.85,sunsetoffascension,5.78,ascensionislandsunset,5.78,ascensionislandsunset1985,5.78,britishempiresunset,5.78,dscn3637,5.78,dscn3638,5.78,dscn3639,5.78,dscn3641,5.78,dscn3644,5.78,dscn3645,5.78,dscn3647,5.78,dscn3648,5.78,dscn3649,5.78,dscn3650,5.78,dscn3651,5.78,dscn3652,5.78,dscn3654,5.78
VGB,caribbean,31.61,anegada,20.93,virgin,15.97,bvi,15.19,islands,12.84,britishvirginislands,12.05,stmartin,11.65,caribbeansunset,11.45,sailing,11.2,maarten,11.05,bvis,10.0,ocean,9.84,cruise,9.54,trippermap,9.47,tropical,9.39,martin,9.08,thomas,9.06,virgingorda,8.93,gorda,7.89,stthomas,7.7
SHN,rms,9.17,sthelena,8.83,tamiandryanatsunsetonthermssthelena,5.78,andyparker,5.78,sunsetathighhill,5.78,suprises,5.78,theabundance,5.78,microclimate,5.23,tami,5.12,southatlanticocean,4.93,deutschebank,4.76,residency,4.57,helena,4.05,glimpses,4.04,jamestown,3.92,mists,3.86,parker,3.71,sweeping,3.59,barren,3.56,ridges,3.5
INN,nicobar,9.07,andaman,6.72,hue,6.02,p1040485,5.78,p1040488,5.78,p1040490,5.78,30minutesafteramonsoonkuchingmalaysianborneo2009,5.78,borneopostmonsoonsunset,5.78,dahabatsunsetegypt2009,5.78,hrefhttpwwwyoutubecomwatchvk_1n56ztini,5.78,relnofollowwwwyoutubecomwatchvk_1n56ztinia,5.78,sunsetatsungaisarawakriverkuchingborneo,5.78,cantori,5.78,cantorii,5.78,cantors,5.78,cantorspitvipertrimeresuruscantori,5.78,cryptelytrops,5.78,pitviper,5.78,trimeresurus,5.78,bubblor,5.78
SGG,southgeorgia,55.96,georgia,21.77,southgeorgiaandthesouthsandwichislands,21.52,scotiasea,16.43,south,13.39,southernocean,12.12,cumberlandbay,11.2,cumberlandeastbay,11.2,scotiaseas,11.2,southgeorgiaisland,11.2,southgeorgiaislands,11.2,ukoverseasterritory,11.2,drygalskifjord,11.2,australocean,10.76,southpolarocean,10.76,antarcticocean,10.6,expeditionship,10.6,greatsouthernocean,10.6,oceanwidecruises,10.6,oceanwideexpedition,10.6
KIR,mateobtodos,27.52,√°ngelmart√≠nmateo,26.44,√°ngelmateo,26.44,kiribati,26.16,ngel,25.67,reservados,17.07,derechos,16.94,los,12.53,tarawa,11.2,rights,10.47,reserved_,10.35,fotocuadrada,10.25,ocaso,9.06,all,8.1,espa√±a,7.87,atardecer,7.06,cielo,6.6,nubes,5.88,andaluc√≠a,5.8,astiplusstalkers,5.78
JPI,hachijojima,40.29,ÂÖ´‰∏àÂ≥∂,35.87,hachijo,26.5,hachijoisland,26.5,tokyo,25.16,japan,22.47,ÂÖ´‰∏àÂ∞èÂ≥∂,21.52,Èõ¢Â≥∂,17.38,hachijokojima,16.43,ÂÖ´‰∏àÁî∫,16.43,‰ºäË±ÜË´∏Â≥∂,15.23,distagont225,13.94,Êó•Êú¨,13.19,Â§™Âπ≥Ê¥ã,12.25,Â§ïÁÑº„Åë,11.71,Êù±‰∫¨ÈÉΩ,11.4,zf2,11.38,hachijoviewhotel,11.2,ÂÖ´‰∏àÂØåÂ£´,11.2,Â§ßÂùÇÂ±ïÊúõÂè∞,11.2
KOU,cheonbu,11.2,songgotbong,11.2,ulleungdo,11.2,Ïö∏Î¶âÎèÑ,11.2,chusan,10.76,eastsea,9.12,seaofjapan,8.69,ÌïúÍµ≠,7.33,southkorea,6.49,thecuttlefishboatsofullungdoharbour,5.78,ullungdoharbour1,5.78,ihatesunsets,5.78,watchingthesunsetovertheseaofjapanonulleungdo,5.78,cuttlefish,5.17,dokdo,5.17,ullungdo,5.17,rockssea,5.17,gettyimageskoreaq1,4.8,asia,3.89,hate,3.36
MSR,montserrat,67.83,caribbean,31.61,westindies,17.13,inisealu,11.2,antigua,9.83,poolsunset,9.7,mer,8.23,guadeloupe,7.22,caribbeansunsetwithpalm,5.78,lookingwestfromantiguasoufrierehillsvolcano,5.78,montserratvolcanoseenfromantigua,5.78,iniselau,5.78,anothermontserratiansunset,5.78,montserratian,5.78,sunsetfromourvillamontserratbritishwestindies,5.78,97125,5.78,971anagjoh,5.78,contrejouriletspigeonnagjoh,5.78,hrefhttpswwwfacebookcomnagjohconcept,5.78,nagjoh,5.78
NLY,saba,25.02,caribbean,14.59,netherlandsantilles,11.79,winair,9.75,dutchantilles,8.97,island,7.12,caribbeansunsetlookingwest,5.78,sunsetongreatbayphilipsburg,5.78,thebottomsaba,5.78,besinseln,5.78,sababesinseln,5.78,abetterlookatsabaasourplanenearstheairport,5.78,sabafromabove,5.78,theshearwatersrestaurantbar,5.78,proline21,5.78,thepanelatsunset,5.78,aviewofourhotelfromthetopoftheproperty,5.78,iquicklylearnedthattheyrenotexactlycamerashyeither,5.78,sabananole,5.78,shearwaterresort,5.78
STA,s√£otom√©,15.0,bom,14.81,formerportuguesecolony,11.2,triptosaotomemay2007,11.2,s√£otom√©epr√≠ncipe,10.95,—Å–∞–Ω—Ç–æ–º–µ,10.95,saotome,10.25,pr√≠ncipe,10.0,–∞—Ñ—Ä–∏–∫–∞,9.23,–ø—É—Ç–µ—à–µ—Å—Ç–≤–∏–µ,8.45,westafrica,7.63,africa,6.41,eveningsky,5.94,bomquot,5.78,princ√≠pe,5.78,princpe,5.78,sunset@bomboms√£otom√©princ√≠pe,5.78,bombomislandresort,5.78,bombomsunsetmay8,5.78,husbandattwilight,5.78
CHS,photographedbybenjaminjakabek,13.8,brj,13.6,httpwwwfacebookcombrjinc,13.6,jakabek,13.6,sparrow,11.93,raymond,11.8,inc,11.66,moai,11.53,benjamin,11.45,15,11.4,chile,9.77,easter,8.9,horses,8.53,photographed,8.08,ahu,8.0,pro,7.27,photographer,6.07,flowers,5.91,purple,5.79,ahuakivi7moaieasterislandchile,5.78
NIU,niue,63.36,reef,20.51,alofi,16.43,pacific,13.78,coral,11.85,island,9.97,friendly,9.71,ocean,7.38,seascape,6.18,rocks,6.15,scenic,5.87,clear,5.82,makefu,5.78,niuedreaming,5.78,sunsetampsavblancatsailsbarmakapupointmakefuniue,5.78,niue2014,5.78,sunsetfrommatavairesortniue,5.78,hiosunset,5.78,reeflanternunfoundphotoniueholiday,5.78,standingattheedgeofthereef,5.78
NZA,campbellisland,5.78,sunsetovercampbellisland,5.78,subantarctic,5.48,campbell,3.4,unescoworldheritagesite,3.35,unesco,2.61,newzealand,2.18,seascape,1.55,island,1.42,over,1.15,sea,0.91,sunset,0.01
NRU,nauru,68.23,micronesia,37.72,zaher,34.83,hadi,33.07,hrefhttpwwwfacebookcomzaheristan,30.78,imagesab,26.74,relnofollowinstagramab,25.69,hrefhttpinstagramcomaxhaaaa,22.67,relnofollowfacebookab,22.22,pacific,21.66,relnofollowgetty,20.45,tropical,16.43,hrefhttpswwwfacebookcomzaheristan,15.11,relnofollowwwwfacebookcomzaheristanabuy,15.11,hrefhttpsstoriesmygrandmothertoldmewordpresscom,14.54,relnofollowstories,14.47,nation,14.08,tropic,14.07,meab,13.64,south,13.39
YES,socotra,68.63,yemen,59.62,soqotra,26.5,qalansiyah,21.52,ye,19.73,suqu≈£ra,11.2,detwah,11.2,hadhramautgovernorate,11.2,reportage,10.82,hadramaut,10.6,neslab,10.47,y√©men,10.25,lagoon,10.15,developingcountries,9.93,island,7.12,arabian,6.59,asia,5.83,relnofollowwwwrossnoathe,5.78,socotrasunsetsilhouettes,5.78,vulnerablefortunately,5.78
LSO,lesotho,22.73,quting,11.2,malealea,10.95,basotho,9.86,africa,6.41,village,6.19,basotho11kidswillbekids,5.78,basotho12shecarrieshighheelshoes,5.78,coucherdesoleil√†malealea,5.78,basothovillage,5.78,aafrika,5.78,countriespentax,5.78,interpolationfee,5.78,l√µuna,5.78,maphutseng,5.78,maputsheng,5.78,pmts,5.12,photomultiplier,5.04,texture,5.01,wetmounted,4.8
ASM,americansamoa,15.7,samoa,12.03,pagopago,11.2,pago,8.79,2016107jpg,5.78,2016109jpg,5.78,2016123jpg,5.78,fatumafuti,5.78,laulii,5.78,mcpacificcruisemsnoordamhnltosyd2016107jpg,5.78,mcpacificcruisemsnoordamhnltosyd2016109jpg,5.78,mcpacificcruisemsnoordamhnltosyd2016123jpg,5.78,pagopagoamsamoa,5.78,utulei,5.78,thesunhasjustsetbehindtheislandofamericansamoa,5.78,pagopagoamericansamoa,5.78,cameraamerican,5.78,gedc0463,5.78,samoavailoataisunset,5.78,americasamoa,5.78
STS,saotome,30.74,s√£otom√©,20.0,tome,16.98,saotomeeprincipe,16.43,stom√©,16.43,stp,13.94,tom√©,13.89,equador,13.72,africa,12.83,marcodoequador,11.2,pestanaequadorresort,11.2,saotomeandprincipe,11.2,stome,10.95,ilheu,10.76,playlista,10.76,decluttr,9.55,s√£o,9.37,relnofollowmaplocationa,9.29,welcomeu,9.07,commentsu,9.02
CAF,centrafricaine,15.9,rpublique,13.27,philippehecquet@gadzorgmy,10.76,usingcontact,10.6,hecquetla,10.07,hrefhttpwwwhecquetpiwigocom,10.07,relnofollowwwwhecquetpiwigocoma,10.07,utilisationphotography,10.07,coucherleverdesoleil,9.55,loisir,9.33,lautorisation,9.29,autorization,9.2,demander,8.64,philippe,7.33,rservs,7.03,merci,6.68,hobby,6.66,mail,6.66,avant,6.62,droits,6.58
JPB,‚Äùgettyimagesjapanq3,5.78,2010hahajimasunset,5.78,4805818722,5.78,ds76813,5.78,hahajima,5.78,873733,5.6,2010ogasawara,5.48,gettyimagesjapanq2,5.3,201704gettyuploadesp,5.17,ogasawara,4.96,gettyimagesjapanq3,4.82,crazyshin,4.45,afsnikkor1424mmf28ged,4.43,gettyimagesjapanq1,4.25,nikond3,3.63,tokyo,2.52,2010,2.19,july,2.09,japan,2.04,summer,1.27
BDI,kibundo,5.78,kigomaregion,5.78,kigomatokibundo,5.78,beautifulsunsetsomewherearoundbutare,5.78,hdrruandalandscape,5.78,roadwhat,5.6,butare,5.6,dust,5.53,ruanda,5.48,djungle,5.3,kigoma,5.17,lorries,4.59,busses,4.48,tanzanie,4.44,tz,4.2,avoiding,4.09,rounded,3.74,edges,3.42,danger,3.37,somewhere,2.64
SOM,somalia,9.43,missionbaynz,5.78,yetanotherclentsunsetshot16,5.78,9081nadifijia,5.78,ballroombanquet,5.78,fijidenarau,5.78,hrefmailtofijidenarau@westincom,5.78,northpo,5.78,pierballroombanquetthe,5.78,relnofollowfijidenarau@westincoma6750000,5.78,thewestindenarauislandresortspafiji,5.78,thewestindenarauislandresortspafijisunset,5.78,weddingonwestinsunsetpier,5.78,jowhar,5.78,shadesthe,5.78,bossaso,5.78,sunsetinsomalia,5.78,missionbayatsunset,5.6,hrefmailtoinfo@westinkeywestresortcom,5.6,marina245,5.6
HMD,antennalakeandbigbenvolcano,5.78,atlascove,5.78,heardisland,5.78,heardislandexpedition,5.78,antenna,3.18,bigben,3.08,glacier,2.81,ben,2.78,volcano,2.46,outside,2.06,big,2.0,lake,1.22,landscape,0.85,and,0.81,sunset,0.01
INL,minicoy,10.95,laccadive,10.07,lakshadweep,9.43,arabiansea,7.2,coral,5.92,sunsetoffresortbeachminicoy,5.78,kenduparty,5.78,sunsetatkenduparty,5.78,sunsetatkendupartyvillageminicoy,5.78,lagoon,5.07,tropical,4.69,sunsetovertheindianocean,4.59,island,2.85,indian,2.61,resort,2.35,village,2.06,off,1.86,sea,1.82,beach,1.76,ocean,1.23
NJM,celebratingmidsummer,5.78,janmayen,5.78,mayen,5.3,celebrating,3.61,midsummer,3.26,jan,2.81,iceland,2.35,trip,1.75,evening,1.07,sea,0.91,and,0.81,the,0.47,sunset,0.01
GNR,bataequatorialguinea,5.78,equatorialguinea,5.38,bata,5.0,sunsetbeams,4.96,equatorial,4.25,guinea,4.0,beams,3.01,sunbeams,2.83,sunset,0.01
ATF,crozetsunset,5.78,crozet,5.12,rebelt3i,4.01,indianocean,2.96,land,2.21,seascape,1.55,island,1.42,canon,1.08,sunset,0.01
SAH,conflictcamel,5.78,refugeecamps,5.6,sahrawi,5.6,westernsahara,5.17,021jpg,5.08,refugee,4.53,territorial,4.35,democratic,4.14,conflict,4.04,riders,3.73,thirty,3.67,nations,3.62,camps,3.57,divided,3.53,rides,3.3,sahara,3.24,forgotten,3.13,arab,3.1,says,3.07,longest,3.05
WLF,sunsetonwallisisland,5.78,fujifilmx100,4.08,wallis,3.66,island,1.42,sunset,0.01
